market,benchmark,version,version_label,candidate_id,label,group,kind,top_cagr,active_cagr,top_worst_cagr,top_worst_terminal,robust_score,coverage,turnover,start_date,end_date,series_points,component_count,subset_keys,thesis,economics,source_run,source_document
eu-small,MSCI EUR SMALL,old,旧基线,eu_small_syn_subset_ee96431827,quality_improvement + deleveraging + value_improvement,旧基线 · 最新核心组合,family_subset,0.1622333992497269,0.07981122012135611,0.1941578954033385,30.453454870179105,25.321209122358464,0.8311274242966235,0.400225849107003,2007-04-30,2026-07-31,232,10,quality_improvement|deleveraging|value_improvement,3-bucket subset,利润率或 ROE 改善表明经营效率正在变好，可过滤静态高质量但边际恶化的公司。 去杠杆降低再融资、违约和股权稀释风险；这一机制在融资渠道更窄的小盘公司中尤其重要。 估值相对自身历史变得更便宜，表达的是折价正在形成而非长期停留在便宜状态；仍需基本面催化。,C:\GoogleDrive\TP\07_backtest_code\runs\ad_hoc\eu_small_relative_synergy_20260709,C:\GoogleDrive\TP\09_reports\factor_explorer_sources\eu-small-factor-explorer.html
eu-small,MSCI EUR SMALL,old,旧基线,eu_small_syn_subset_08e95a53d5,quality_improvement + deleveraging,旧基线 · 最新核心组合,family_subset,0.1636370326496488,0.08111531196310762,0.2020919481098986,34.59438990182328,24.97607396679472,0.8360498934631476,0.3524048069739258,2007-04-30,2026-07-31,232,7,quality_improvement|deleveraging,2-bucket subset,利润率或 ROE 改善表明经营效率正在变好，可过滤静态高质量但边际恶化的公司。 去杠杆降低再融资、违约和股权稀释风险；这一机制在融资渠道更窄的小盘公司中尤其重要。,C:\GoogleDrive\TP\07_backtest_code\runs\ad_hoc\eu_small_relative_synergy_20260709,C:\GoogleDrive\TP\09_reports\factor_explorer_sources\eu-small-factor-explorer.html
eu-small,MSCI EUR SMALL,old,旧基线,eu_small_syn_full_bucket_equal,all selected buckets equal-weight,旧基线 · 最新核心组合,full_model,0.13830134535571936,0.05757635719969123,0.18176320942852042,24.9113707902154,18.33185309786658,0.9784126786630792,0.3164495285762379,2007-04-30,2026-07-31,232,17,,full selected synergy model,盈利预期上修捕捉信息扩散和分析师纠错，是基本面改善能否进入市场定价的确认层。 价格动量确认投资者已开始吸收新信息，可减少过早押注尚未被市场认可的变化。 近端盈利增长代表兑现能力，但欧洲小盘的广义 growth 证据较弱，只宜作为有门槛的补充信号。 利润率或 ROE 改善表明经营效率正在变好，可过滤静态高质量但边际恶化的公司。 远期盈利收益率改善提供估值纪律，避免为改善预期支付过高价格。 去杠杆降低再融资、违约和股权稀释风险；这一机制在融资渠道更窄的小盘公司中尤其重要。 估值相对自身历史变得更便宜，表达的是折价正在形成而非长期停留在便宜状态；仍需基本面催化。 波动下降主要是风险过滤器；单独作为 alpha 核心的证据弱于质量改善和去杠杆。,C:\GoogleDrive\TP\07_backtest_code\runs\ad_hoc\eu_small_relative_synergy_20260709,C:\GoogleDrive\TP\09_reports\factor_explorer_sources\eu-small-factor-explorer.html
eu-small,MSCI EUR SMALL,old,旧基线,eu_small_syn_subset_e797b03b9e,quality_improvement + value_improvement,旧基线 · 领先 family subset,family_subset,0.15703924666047242,0.0749854215782062,0.19640606374431946,31.576431604806604,23.8761266571706,0.968007838623886,0.4022186153938439,2007-04-30,2026-07-31,232,7,quality_improvement|value_improvement,2-bucket subset,利润率或 ROE 改善表明经营效率正在变好，可过滤静态高质量但边际恶化的公司。 估值相对自身历史变得更便宜，表达的是折价正在形成而非长期停留在便宜状态；仍需基本面催化。,C:\GoogleDrive\TP\07_backtest_code\runs\ad_hoc\eu_small_relative_synergy_20260709,C:\GoogleDrive\TP\09_reports\factor_explorer_sources\eu-small-factor-explorer.html
eu-small,MSCI EUR SMALL,old,旧基线,eu_small_syn_loo_without_growth,full model without growth,旧基线 · 最新 leave-one-out,leave_one_out,0.14245816921152898,0.06143839131647777,0.18743657512449174,27.317573820139646,20.504307345032675,0.9778527769569342,0.3366346320296864,2007-04-30,2026-07-31,232,16,,leave one bucket out: growth,盈利预期上修捕捉信息扩散和分析师纠错，是基本面改善能否进入市场定价的确认层。 价格动量确认投资者已开始吸收新信息，可减少过早押注尚未被市场认可的变化。 利润率或 ROE 改善表明经营效率正在变好，可过滤静态高质量但边际恶化的公司。 远期盈利收益率改善提供估值纪律，避免为改善预期支付过高价格。 去杠杆降低再融资、违约和股权稀释风险；这一机制在融资渠道更窄的小盘公司中尤其重要。 估值相对自身历史变得更便宜，表达的是折价正在形成而非长期停留在便宜状态；仍需基本面催化。 波动下降主要是风险过滤器；单独作为 alpha 核心的证据弱于质量改善和去杠杆。,C:\GoogleDrive\TP\07_backtest_code\runs\ad_hoc\eu_small_relative_synergy_20260709,C:\GoogleDrive\TP\09_reports\factor_explorer_sources\eu-small-factor-explorer.html
eu-small,MSCI EUR SMALL,old,旧基线,eu_small_syn_subset_6d32f9616c,quality_improvement + earnings_yield_improvement + deleveraging,旧基线 · 领先 family subset,family_subset,0.1591433459877385,0.07694030436104349,0.18328497835999547,25.536278869175973,20.447552342493044,0.8307697093176976,0.413119940643546,2007-04-30,2026-07-31,232,10,quality_improvement|earnings_yield_improvement|deleveraging,3-bucket subset,利润率或 ROE 改善表明经营效率正在变好，可过滤静态高质量但边际恶化的公司。 远期盈利收益率改善提供估值纪律，避免为改善预期支付过高价格。 去杠杆降低再融资、违约和股权稀释风险；这一机制在融资渠道更窄的小盘公司中尤其重要。,C:\GoogleDrive\TP\07_backtest_code\runs\ad_hoc\eu_small_relative_synergy_20260709,C:\GoogleDrive\TP\09_reports\factor_explorer_sources\eu-small-factor-explorer.html
eu-small,MSCI EUR SMALL,old,旧基线,eu_small_syn_subset_b3c0d0fc7d,revision + quality_improvement + deleveraging,旧基线 · 领先 family subset,family_subset,0.15731508504171687,0.07524169831160599,0.18298913370826608,25.41363948432375,19.63957254423689,0.8228610977184005,0.313648988414151,2007-04-30,2026-07-31,232,8,revision|quality_improvement|deleveraging,3-bucket subset,盈利预期上修捕捉信息扩散和分析师纠错，是基本面改善能否进入市场定价的确认层。 利润率或 ROE 改善表明经营效率正在变好，可过滤静态高质量但边际恶化的公司。 去杠杆降低再融资、违约和股权稀释风险；这一机制在融资渠道更窄的小盘公司中尤其重要。,C:\GoogleDrive\TP\07_backtest_code\runs\ad_hoc\eu_small_relative_synergy_20260709,C:\GoogleDrive\TP\09_reports\factor_explorer_sources\eu-small-factor-explorer.html
eu-small,MSCI EUR SMALL,old,旧基线,eu_small_syn_subset_af05547f2a,pmom + quality_improvement + value_improvement,旧基线 · 领先 family subset,family_subset,0.14381077226544448,0.06269507173448274,0.19602456007464286,31.383142033914318,19.367050634413857,0.9586605906963,0.3380124712282996,2007-04-30,2026-07-31,232,8,pmom|quality_improvement|value_improvement,3-bucket subset,价格动量确认投资者已开始吸收新信息，可减少过早押注尚未被市场认可的变化。 利润率或 ROE 改善表明经营效率正在变好，可过滤静态高质量但边际恶化的公司。 估值相对自身历史变得更便宜，表达的是折价正在形成而非长期停留在便宜状态；仍需基本面催化。,C:\GoogleDrive\TP\07_backtest_code\runs\ad_hoc\eu_small_relative_synergy_20260709,C:\GoogleDrive\TP\09_reports\factor_explorer_sources\eu-small-factor-explorer.html
eu-small,MSCI EUR SMALL,old,旧基线,eu_small_syn_loo_without_risk_decline,full model without risk_decline,旧基线 · 最新 leave-one-out,leave_one_out,0.1429917327882766,0.061934116131469485,0.18443021782513336,26.016336820374374,19.361917036938824,0.9769351602718632,0.3259515183403854,2007-04-30,2026-07-31,232,16,,leave one bucket out: risk_decline,盈利预期上修捕捉信息扩散和分析师纠错，是基本面改善能否进入市场定价的确认层。 价格动量确认投资者已开始吸收新信息，可减少过早押注尚未被市场认可的变化。 近端盈利增长代表兑现能力，但欧洲小盘的广义 growth 证据较弱，只宜作为有门槛的补充信号。 利润率或 ROE 改善表明经营效率正在变好，可过滤静态高质量但边际恶化的公司。 远期盈利收益率改善提供估值纪律，避免为改善预期支付过高价格。 去杠杆降低再融资、违约和股权稀释风险；这一机制在融资渠道更窄的小盘公司中尤其重要。 估值相对自身历史变得更便宜，表达的是折价正在形成而非长期停留在便宜状态；仍需基本面催化。,C:\GoogleDrive\TP\07_backtest_code\runs\ad_hoc\eu_small_relative_synergy_20260709,C:\GoogleDrive\TP\09_reports\factor_explorer_sources\eu-small-factor-explorer.html
eu-small,MSCI EUR SMALL,old,旧基线,eu_small_syn_subset_e5c1a446e9,revision + quality_improvement + value_improvement,旧基线 · 领先 family subset,family_subset,0.14610023299352348,0.06482217063200424,0.18703990279652705,27.142416321075494,18.685646567229018,0.9527194114810956,0.352549765146251,2007-04-30,2026-07-31,232,8,revision|quality_improvement|value_improvement,3-bucket subset,盈利预期上修捕捉信息扩散和分析师纠错，是基本面改善能否进入市场定价的确认层。 利润率或 ROE 改善表明经营效率正在变好，可过滤静态高质量但边际恶化的公司。 估值相对自身历史变得更便宜，表达的是折价正在形成而非长期停留在便宜状态；仍需基本面催化。,C:\GoogleDrive\TP\07_backtest_code\runs\ad_hoc\eu_small_relative_synergy_20260709,C:\GoogleDrive\TP\09_reports\factor_explorer_sources\eu-small-factor-explorer.html
eu-small,MSCI EUR SMALL,old,旧基线,eu_small_syn_loo_without_earnings_yield_improvement,full model without earnings_yield_improvement,旧基线 · 最新 leave-one-out,leave_one_out,0.13749507648977066,0.05682726655365755,0.18311711130435548,25.46662260409782,17.514157000500184,0.974547801608162,0.2907782972955146,2007-04-30,2026-07-31,232,14,,leave one bucket out: earnings_yield_improvement,盈利预期上修捕捉信息扩散和分析师纠错，是基本面改善能否进入市场定价的确认层。 价格动量确认投资者已开始吸收新信息，可减少过早押注尚未被市场认可的变化。 近端盈利增长代表兑现能力，但欧洲小盘的广义 growth 证据较弱，只宜作为有门槛的补充信号。 利润率或 ROE 改善表明经营效率正在变好，可过滤静态高质量但边际恶化的公司。 去杠杆降低再融资、违约和股权稀释风险；这一机制在融资渠道更窄的小盘公司中尤其重要。 估值相对自身历史变得更便宜，表达的是折价正在形成而非长期停留在便宜状态；仍需基本面催化。 波动下降主要是风险过滤器；单独作为 alpha 核心的证据弱于质量改善和去杠杆。,C:\GoogleDrive\TP\07_backtest_code\runs\ad_hoc\eu_small_relative_synergy_20260709,C:\GoogleDrive\TP\09_reports\factor_explorer_sources\eu-small-factor-explorer.html
eu-small,MSCI EUR SMALL,old,旧基线,eu_small_syn_loo_without_revision,full model without revision,旧基线 · 最新 leave-one-out,leave_one_out,0.14306683659252162,0.06200389379450155,0.18079381232259428,24.520881215314763,16.458577398217088,0.9757998040344028,0.3309103560775399,2007-04-30,2026-07-31,232,16,,leave one bucket out: revision,价格动量确认投资者已开始吸收新信息，可减少过早押注尚未被市场认可的变化。 近端盈利增长代表兑现能力，但欧洲小盘的广义 growth 证据较弱，只宜作为有门槛的补充信号。 利润率或 ROE 改善表明经营效率正在变好，可过滤静态高质量但边际恶化的公司。 远期盈利收益率改善提供估值纪律，避免为改善预期支付过高价格。 去杠杆降低再融资、违约和股权稀释风险；这一机制在融资渠道更窄的小盘公司中尤其重要。 估值相对自身历史变得更便宜，表达的是折价正在形成而非长期停留在便宜状态；仍需基本面催化。 波动下降主要是风险过滤器；单独作为 alpha 核心的证据弱于质量改善和去杠杆。,C:\GoogleDrive\TP\07_backtest_code\runs\ad_hoc\eu_small_relative_synergy_20260709,C:\GoogleDrive\TP\09_reports\factor_explorer_sources\eu-small-factor-explorer.html
eu-small,MSCI EUR SMALL,old,旧基线,eu_small_syn_loo_without_pmom,full model without pmom,旧基线 · 最新 leave-one-out,leave_one_out,0.13958914039643622,0.05877282559844854,0.17059523472140103,20.749400580137827,16.230727959015177,0.9738245952377248,0.3472484012421712,2007-04-30,2026-07-31,232,16,,leave one bucket out: pmom,盈利预期上修捕捉信息扩散和分析师纠错，是基本面改善能否进入市场定价的确认层。 近端盈利增长代表兑现能力，但欧洲小盘的广义 growth 证据较弱，只宜作为有门槛的补充信号。 利润率或 ROE 改善表明经营效率正在变好，可过滤静态高质量但边际恶化的公司。 远期盈利收益率改善提供估值纪律，避免为改善预期支付过高价格。 去杠杆降低再融资、违约和股权稀释风险；这一机制在融资渠道更窄的小盘公司中尤其重要。 估值相对自身历史变得更便宜，表达的是折价正在形成而非长期停留在便宜状态；仍需基本面催化。 波动下降主要是风险过滤器；单独作为 alpha 核心的证据弱于质量改善和去杠杆。,C:\GoogleDrive\TP\07_backtest_code\runs\ad_hoc\eu_small_relative_synergy_20260709,C:\GoogleDrive\TP\09_reports\factor_explorer_sources\eu-small-factor-explorer.html
eu-small,MSCI EUR SMALL,old,旧基线,eu_small_validated_qvm,Quality + value + momentum,旧基线 · 历史生产候选,validated_candidate,0.12689790331522555,0.04698161377614318,0.1782876221846823,23.53806220208599,15.858621730536935,0.9924802090299704,0.1971737450714898,2007-04-30,2026-07-31,232,8,,robust quality/value with momentum confirmation; min_count=2,高盈利能力和利润率提供经营韧性，但静态水平不等同于边际改善。 估值提供安全边际，其中现金流估值比纯账面或企业价值倍数更可靠；静态便宜仍可能是价值陷阱。 盈利修正和价格趋势表达信息扩散，但需要质量或估值约束来控制拥挤与反转风险。,C:\GoogleDrive\TP\07_backtest_code\runs\ad_hoc\eu_small_relative_synergy_20260709,C:\GoogleDrive\TP\09_reports\factor_explorer_sources\eu-small-factor-explorer.html
eu-small,MSCI EUR SMALL,old,旧基线,eu_small_syn_subset_cdefeb1ebb,quality_improvement + earnings_yield_improvement + value_improvement,旧基线 · 领先 family subset,family_subset,0.1443750931792238,0.0632193726664998,0.1699152333585252,20.51856836953197,14.80828569597614,0.9624321508001928,0.4564147556045688,2007-04-30,2026-07-31,232,10,quality_improvement|earnings_yield_improvement|value_improvement,3-bucket subset,利润率或 ROE 改善表明经营效率正在变好，可过滤静态高质量但边际恶化的公司。 远期盈利收益率改善提供估值纪律，避免为改善预期支付过高价格。 估值相对自身历史变得更便宜，表达的是折价正在形成而非长期停留在便宜状态；仍需基本面催化。,C:\GoogleDrive\TP\07_backtest_code\runs\ad_hoc\eu_small_relative_synergy_20260709,C:\GoogleDrive\TP\09_reports\factor_explorer_sources\eu-small-factor-explorer.html
eu-small,MSCI EUR SMALL,old,旧基线,eu_small_syn_subset_eba89b8a51,pmom + quality_improvement + deleveraging,旧基线 · 领先 family subset,family_subset,0.14172359373856547,0.060755909778566375,0.1699282497818293,20.52296395834333,14.598688617279246,0.8279624243743876,0.2890110099232037,2007-04-30,2026-07-31,232,8,pmom|quality_improvement|deleveraging,3-bucket subset,价格动量确认投资者已开始吸收新信息，可减少过早押注尚未被市场认可的变化。 利润率或 ROE 改善表明经营效率正在变好，可过滤静态高质量但边际恶化的公司。 去杠杆降低再融资、违约和股权稀释风险；这一机制在融资渠道更窄的小盘公司中尤其重要。,C:\GoogleDrive\TP\07_backtest_code\runs\ad_hoc\eu_small_relative_synergy_20260709,C:\GoogleDrive\TP\09_reports\factor_explorer_sources\eu-small-factor-explorer.html
eu-small,MSCI EUR SMALL,old,旧基线,eu_small_syn_subset_8cd5bfe02a,revision + deleveraging + value_improvement,旧基线 · 领先 family subset,family_subset,0.14772297463488182,0.0663298322022432,0.156206398005581,16.35281916548553,13.726880887808049,0.8206837021945036,0.3706640502701462,2007-04-30,2026-07-31,232,7,revision|deleveraging|value_improvement,3-bucket subset,盈利预期上修捕捉信息扩散和分析师纠错，是基本面改善能否进入市场定价的确认层。 去杠杆降低再融资、违约和股权稀释风险；这一机制在融资渠道更窄的小盘公司中尤其重要。 估值相对自身历史变得更便宜，表达的是折价正在形成而非长期停留在便宜状态；仍需基本面催化。,C:\GoogleDrive\TP\07_backtest_code\runs\ad_hoc\eu_small_relative_synergy_20260709,C:\GoogleDrive\TP\09_reports\factor_explorer_sources\eu-small-factor-explorer.html
eu-small,MSCI EUR SMALL,old,旧基线,eu_small_syn_pair_674e67cd8d37,NetDebt to EBITDA exFIN score_delta lag1 + Oper Margin directional_delta lag1,旧基线 · 已证实协同 pair,pair_synergy,0.14512573368540904,0.06391677995266076,0.15277418382723806,15.44312330199725,13.71609109447887,0.8327760237647168,0.5111044623321906,2007-04-30,2026-07-31,232,2,,deleveraging + quality_improvement,长期最稳的结构是质量改善 + 去杠杆 + 估值改善。盈利修正和价格动量更适合作为确认层；广义 growth 与 low-vol 不应被机械纳入等权核心。,C:\GoogleDrive\TP\07_backtest_code\runs\ad_hoc\eu_small_relative_synergy_20260709,C:\GoogleDrive\TP\09_reports\factor_explorer_sources\eu-small-factor-explorer.html
eu-small,MSCI EUR SMALL,old,旧基线,eu_small_syn_loo_without_value_improvement,full model without value_improvement,旧基线 · 最新 leave-one-out,leave_one_out,0.13002133388256443,0.04988353982134197,0.17017198359838592,20.605436847568498,13.640742490640836,0.9749599514751854,0.2968724205683464,2007-04-30,2026-07-31,232,14,,leave one bucket out: value_improvement,盈利预期上修捕捉信息扩散和分析师纠错，是基本面改善能否进入市场定价的确认层。 价格动量确认投资者已开始吸收新信息，可减少过早押注尚未被市场认可的变化。 近端盈利增长代表兑现能力，但欧洲小盘的广义 growth 证据较弱，只宜作为有门槛的补充信号。 利润率或 ROE 改善表明经营效率正在变好，可过滤静态高质量但边际恶化的公司。 远期盈利收益率改善提供估值纪律，避免为改善预期支付过高价格。 去杠杆降低再融资、违约和股权稀释风险；这一机制在融资渠道更窄的小盘公司中尤其重要。 波动下降主要是风险过滤器；单独作为 alpha 核心的证据弱于质量改善和去杠杆。,C:\GoogleDrive\TP\07_backtest_code\runs\ad_hoc\eu_small_relative_synergy_20260709,C:\GoogleDrive\TP\09_reports\factor_explorer_sources\eu-small-factor-explorer.html
eu-small,MSCI EUR SMALL,old,旧基线,eu_small_syn_pair_5c2034907e5f,NetDebt to EBITDA exFIN directional_delta lag1 + Oper Margin directional_delta lag3,旧基线 · 已证实协同 pair,pair_synergy,0.1507141385137758,0.06910887152406642,0.16022407447526077,17.48222529468282,12.378060424914038,0.804695397919032,0.3177365366317942,2007-04-30,2026-07-31,232,2,,deleveraging + quality_improvement,长期最稳的结构是质量改善 + 去杠杆 + 估值改善。盈利修正和价格动量更适合作为确认层；广义 growth 与 low-vol 不应被机械纳入等权核心。,C:\GoogleDrive\TP\07_backtest_code\runs\ad_hoc\eu_small_relative_synergy_20260709,C:\GoogleDrive\TP\09_reports\factor_explorer_sources\eu-small-factor-explorer.html
eu-small,MSCI EUR SMALL,old,旧基线,eu_small_validated_loo_growth,Leave-one-family-out: no growth,旧基线 · 历史生产候选,validated_candidate,0.12218812289883219,0.04260583715398414,0.16632264959928134,19.338895427034295,12.075092176471044,0.9553011804594304,0.1938439457276954,2007-04-30,2026-07-31,232,11,,family subset evidence; not a synergy claim; min_count=4,长期最稳的结构是质量改善 + 去杠杆 + 估值改善。盈利修正和价格动量更适合作为确认层；广义 growth 与 low-vol 不应被机械纳入等权核心。,C:\GoogleDrive\TP\07_backtest_code\runs\ad_hoc\eu_small_relative_synergy_20260709,C:\GoogleDrive\TP\09_reports\factor_explorer_sources\eu-small-factor-explorer.html
eu-small,MSCI EUR SMALL,old,旧基线,eu_small_syn_subset_693104f7b4,revision + quality_improvement,旧基线 · 领先 family subset,family_subset,0.13690520537843343,0.05627922736905089,0.16911862663967536,20.251250085622306,12.047587635020758,0.9590338585003966,0.2969222752911798,2007-04-30,2026-07-31,232,5,revision|quality_improvement,2-bucket subset,盈利预期上修捕捉信息扩散和分析师纠错，是基本面改善能否进入市场定价的确认层。 利润率或 ROE 改善表明经营效率正在变好，可过滤静态高质量但边际恶化的公司。,C:\GoogleDrive\TP\07_backtest_code\runs\ad_hoc\eu_small_relative_synergy_20260709,C:\GoogleDrive\TP\09_reports\factor_explorer_sources\eu-small-factor-explorer.html
eu-small,MSCI EUR SMALL,old,旧基线,eu_small_syn_loo_without_deleveraging,full model without deleveraging,旧基线 · 最新 leave-one-out,leave_one_out,0.12812315631047877,0.048119975427611594,0.1612868379703758,17.793120916745277,12.001857004850782,0.9762119539014262,0.3084442790134003,2007-04-30,2026-07-31,232,14,,leave one bucket out: deleveraging,盈利预期上修捕捉信息扩散和分析师纠错，是基本面改善能否进入市场定价的确认层。 价格动量确认投资者已开始吸收新信息，可减少过早押注尚未被市场认可的变化。 近端盈利增长代表兑现能力，但欧洲小盘的广义 growth 证据较弱，只宜作为有门槛的补充信号。 利润率或 ROE 改善表明经营效率正在变好，可过滤静态高质量但边际恶化的公司。 远期盈利收益率改善提供估值纪律，避免为改善预期支付过高价格。 估值相对自身历史变得更便宜，表达的是折价正在形成而非长期停留在便宜状态；仍需基本面催化。 波动下降主要是风险过滤器；单独作为 alpha 核心的证据弱于质量改善和去杠杆。,C:\GoogleDrive\TP\07_backtest_code\runs\ad_hoc\eu_small_relative_synergy_20260709,C:\GoogleDrive\TP\09_reports\factor_explorer_sources\eu-small-factor-explorer.html
eu-small,MSCI EUR SMALL,old,旧基线,eu_small_syn_pair_3ec53d9c2684,NetDebt to EBITDA exFIN directional_delta lag1 + ROE avg FY0 directional_delta lag3,旧基线 · 已证实协同 pair,pair_synergy,0.15051565504099074,0.06892446391621387,0.15355282425575756,15.64519047669146,11.652378164627642,0.7954103612921287,0.3247862677659354,2007-04-30,2026-07-31,232,2,,deleveraging + quality_improvement,长期最稳的结构是质量改善 + 去杠杆 + 估值改善。盈利修正和价格动量更适合作为确认层；广义 growth 与 low-vol 不应被机械纳入等权核心。,C:\GoogleDrive\TP\07_backtest_code\runs\ad_hoc\eu_small_relative_synergy_20260709,C:\GoogleDrive\TP\09_reports\factor_explorer_sources\eu-small-factor-explorer.html
eu-small,MSCI EUR SMALL,old,旧基线,eu_small_validated_quality_momentum,Quality + momentum,旧基线 · 历史生产候选,validated_candidate,0.11712540705269037,0.037902154246162834,0.1550828117772125,16.049566177030215,11.137267857181223,0.9578596202000094,0.2045099091368502,2007-04-30,2026-07-31,232,5,,profitable companies with positive trend/revision; min_count=2,长期最稳的结构是质量改善 + 去杠杆 + 估值改善。盈利修正和价格动量更适合作为确认层；广义 growth 与 low-vol 不应被机械纳入等权核心。,C:\GoogleDrive\TP\07_backtest_code\runs\ad_hoc\eu_small_relative_synergy_20260709,C:\GoogleDrive\TP\09_reports\factor_explorer_sources\eu-small-factor-explorer.html
eu-small,MSCI EUR SMALL,old,旧基线,eu_small_syn_subset_1e7b64c9ba,pmom + quality_improvement,旧基线 · 领先 family subset,family_subset,0.12364449742035544,0.04395892987189676,0.16784395099844018,19.830362772710078,10.94098130936022,0.9681944725259344,0.265432070437653,2007-04-30,2026-07-31,232,5,pmom|quality_improvement,2-bucket subset,价格动量确认投资者已开始吸收新信息，可减少过早押注尚未被市场认可的变化。 利润率或 ROE 改善表明经营效率正在变好，可过滤静态高质量但边际恶化的公司。,C:\GoogleDrive\TP\07_backtest_code\runs\ad_hoc\eu_small_relative_synergy_20260709,C:\GoogleDrive\TP\09_reports\factor_explorer_sources\eu-small-factor-explorer.html
eu-small,MSCI EUR SMALL,old,旧基线,eu_small_syn_pair_f1d2ba88715b,NetDebt to EBITDA exFIN score_delta lag3 + Oper Margin directional_delta lag1,旧基线 · 已证实协同 pair,pair_synergy,0.14861673985484658,0.06716021421784801,0.16480443244897836,18.85995208232414,10.77965555711594,0.7964524005785651,0.3264290967751752,2007-04-30,2026-07-31,232,2,,deleveraging + quality_improvement,长期最稳的结构是质量改善 + 去杠杆 + 估值改善。盈利修正和价格动量更适合作为确认层；广义 growth 与 low-vol 不应被机械纳入等权核心。,C:\GoogleDrive\TP\07_backtest_code\runs\ad_hoc\eu_small_relative_synergy_20260709,C:\GoogleDrive\TP\09_reports\factor_explorer_sources\eu-small-factor-explorer.html
eu-small,MSCI EUR SMALL,old,旧基线,eu_small_syn_pair_17e1d2a6cf0a,NetDebt to EBITDA exFIN score_delta lag1 + Oper Margin directional_delta lag3,旧基线 · 已证实协同 pair,pair_synergy,0.14213406165841214,0.06113726851910539,0.15269991641167402,15.423979750220882,10.730346900846229,0.804695397919032,0.389504996154533,2007-04-30,2026-07-31,232,2,,deleveraging + quality_improvement,长期最稳的结构是质量改善 + 去杠杆 + 估值改善。盈利修正和价格动量更适合作为确认层；广义 growth 与 low-vol 不应被机械纳入等权核心。,C:\GoogleDrive\TP\07_backtest_code\runs\ad_hoc\eu_small_relative_synergy_20260709,C:\GoogleDrive\TP\09_reports\factor_explorer_sources\eu-small-factor-explorer.html
eu-small,MSCI EUR SMALL,old,旧基线,eu_small_validated_all_equal,All validated families equal weight,旧基线 · 历史生产候选,validated_candidate,0.12370898265452634,0.044018842002657266,0.1549808919530229,16.022323624705265,10.624060103270388,0.9676656764701308,0.2068050627843553,2007-04-30,2026-07-31,232,12,,all families that passed raw gates; min_count=4,长期最稳的结构是质量改善 + 去杠杆 + 估值改善。盈利修正和价格动量更适合作为确认层；广义 growth 与 low-vol 不应被机械纳入等权核心。,C:\GoogleDrive\TP\07_backtest_code\runs\ad_hoc\eu_small_relative_synergy_20260709,C:\GoogleDrive\TP\09_reports\factor_explorer_sources\eu-small-factor-explorer.html
eu-small,MSCI EUR SMALL,old,旧基线,eu_small_syn_pair_a663a366b8d1,Oper Margin directional_delta lag1 + momentum: EPS Revision Ratio,旧基线 · 已证实协同 pair,pair_synergy,0.13381687810444665,0.053409915194740254,0.16050451449090142,17.56375985977213,10.571297453307965,0.9537770035927026,0.3409962681312583,2007-04-30,2026-07-31,232,2,,quality_improvement + revision,长期最稳的结构是质量改善 + 去杠杆 + 估值改善。盈利修正和价格动量更适合作为确认层；广义 growth 与 low-vol 不应被机械纳入等权核心。,C:\GoogleDrive\TP\07_backtest_code\runs\ad_hoc\eu_small_relative_synergy_20260709,C:\GoogleDrive\TP\09_reports\factor_explorer_sources\eu-small-factor-explorer.html
eu-small,MSCI EUR SMALL,old,旧基线,eu_small_syn_pair_8e94a0221f4c,NetDebt to EBITDA exFIN directional_delta lag1 + Oper Margin directional_delta lag1,旧基线 · 已证实协同 pair,pair_synergy,0.145422786841356,0.06419276697125009,0.13773314873093812,11.992832485704499,10.412043167243212,0.8327760237647168,0.4890905796040351,2007-04-30,2026-07-31,232,2,,deleveraging + quality_improvement,长期最稳的结构是质量改善 + 去杠杆 + 估值改善。盈利修正和价格动量更适合作为确认层；广义 growth 与 low-vol 不应被机械纳入等权核心。,C:\GoogleDrive\TP\07_backtest_code\runs\ad_hoc\eu_small_relative_synergy_20260709,C:\GoogleDrive\TP\09_reports\factor_explorer_sources\eu-small-factor-explorer.html
eu-small,MSCI EUR SMALL,old,旧基线,eu_small_syn_pair_fe187ab32528,NetDebt to EBITDA exFIN score_delta lag3 + Oper Margin directional_delta lag3,旧基线 · 已证实协同 pair,pair_synergy,0.1429763296812645,0.061919805367566694,0.1596684082699833,17.321730738723495,10.402704564741796,0.79656127035476,0.2636245748717736,2007-04-30,2026-07-31,232,2,,deleveraging + quality_improvement,长期最稳的结构是质量改善 + 去杠杆 + 估值改善。盈利修正和价格动量更适合作为确认层；广义 growth 与 low-vol 不应被机械纳入等权核心。,C:\GoogleDrive\TP\07_backtest_code\runs\ad_hoc\eu_small_relative_synergy_20260709,C:\GoogleDrive\TP\09_reports\factor_explorer_sources\eu-small-factor-explorer.html
eu-small,MSCI EUR SMALL,old,旧基线,eu_small_syn_loo_without_quality_improvement,full model without quality_improvement,旧基线 · 最新 leave-one-out,leave_one_out,0.12408619143612776,0.04436930024535135,0.14725975000995817,14.081274440099536,9.946834866237474,0.9730314011540196,0.3269983604130591,2007-04-30,2026-07-31,232,13,,leave one bucket out: quality_improvement,盈利预期上修捕捉信息扩散和分析师纠错，是基本面改善能否进入市场定价的确认层。 价格动量确认投资者已开始吸收新信息，可减少过早押注尚未被市场认可的变化。 近端盈利增长代表兑现能力，但欧洲小盘的广义 growth 证据较弱，只宜作为有门槛的补充信号。 远期盈利收益率改善提供估值纪律，避免为改善预期支付过高价格。 去杠杆降低再融资、违约和股权稀释风险；这一机制在融资渠道更窄的小盘公司中尤其重要。 估值相对自身历史变得更便宜，表达的是折价正在形成而非长期停留在便宜状态；仍需基本面催化。 波动下降主要是风险过滤器；单独作为 alpha 核心的证据弱于质量改善和去杠杆。,C:\GoogleDrive\TP\07_backtest_code\runs\ad_hoc\eu_small_relative_synergy_20260709,C:\GoogleDrive\TP\09_reports\factor_explorer_sources\eu-small-factor-explorer.html
eu-small,MSCI EUR SMALL,old,旧基线,eu_small_syn_subset_2543debc1d,pmom + quality_improvement + earnings_yield_improvement,旧基线 · 领先 family subset,family_subset,0.12527467873449072,0.0454735035151701,0.1575790050765824,16.730655814033696,9.907782390518904,0.9647884038135528,0.3498092951399351,2007-04-30,2026-07-31,232,8,pmom|quality_improvement|earnings_yield_improvement,3-bucket subset,价格动量确认投资者已开始吸收新信息，可减少过早押注尚未被市场认可的变化。 利润率或 ROE 改善表明经营效率正在变好，可过滤静态高质量但边际恶化的公司。 远期盈利收益率改善提供估值纪律，避免为改善预期支付过高价格。,C:\GoogleDrive\TP\07_backtest_code\runs\ad_hoc\eu_small_relative_synergy_20260709,C:\GoogleDrive\TP\09_reports\factor_explorer_sources\eu-small-factor-explorer.html
eu-small,MSCI EUR SMALL,old,旧基线,eu_small_syn_subset_63b970fc78,quality_improvement + earnings_yield_improvement,旧基线 · 领先 family subset,family_subset,0.13622393124678522,0.055646267197877686,0.1490414977313419,14.508327541699762,9.7887509759336,0.9714527893991944,0.4421286378094037,2007-04-30,2026-07-31,232,7,quality_improvement|earnings_yield_improvement,2-bucket subset,利润率或 ROE 改善表明经营效率正在变好，可过滤静态高质量但边际恶化的公司。 远期盈利收益率改善提供估值纪律，避免为改善预期支付过高价格。,C:\GoogleDrive\TP\07_backtest_code\runs\ad_hoc\eu_small_relative_synergy_20260709,C:\GoogleDrive\TP\09_reports\factor_explorer_sources\eu-small-factor-explorer.html
eu-small,MSCI EUR SMALL,old,旧基线,eu_small_reldelta_quality_oper_margin_lag1_score,Oper Margin directional_delta lag1,旧基线 · 通过 gate 的单变量,official candidate,0.13550504536655983,0.05497836259286881,0.15421575157479528,15.819201687578763,9.668359551962638,0.972074902406022,0.481482451844921,2007-04-30,2026-07-31,232,1,,direction-adjusted level change versus lag 1 screen observations,长期最稳的结构是质量改善 + 去杠杆 + 估值改善。盈利修正和价格动量更适合作为确认层；广义 growth 与 low-vol 不应被机械纳入等权核心。,C:\GoogleDrive\TP\07_backtest_code\runs\ad_hoc\eu_small_relative_synergy_20260709,C:\GoogleDrive\TP\09_reports\factor_explorer_sources\eu-small-factor-explorer.html
eu-small,MSCI EUR SMALL,old,旧基线,eu_small_syn_subset_f0f16e6b36,pmom + deleveraging + value_improvement,旧基线 · 领先 family subset,family_subset,0.12782253887495298,0.04784067689768268,0.14323007161924628,13.158966368004156,9.378831191211232,0.8233121296483507,0.3592743316899165,2007-04-30,2026-07-31,232,7,pmom|deleveraging|value_improvement,3-bucket subset,价格动量确认投资者已开始吸收新信息，可减少过早押注尚未被市场认可的变化。 去杠杆降低再融资、违约和股权稀释风险；这一机制在融资渠道更窄的小盘公司中尤其重要。 估值相对自身历史变得更便宜，表达的是折价正在形成而非长期停留在便宜状态；仍需基本面催化。,C:\GoogleDrive\TP\07_backtest_code\runs\ad_hoc\eu_small_relative_synergy_20260709,C:\GoogleDrive\TP\09_reports\factor_explorer_sources\eu-small-factor-explorer.html
eu-small,MSCI EUR SMALL,old,旧基线,eu_small_syn_pair_bcb4ae3dacad,ROE avg FY0 directional_delta lag1 + momentum: EPS Revision Ratio,旧基线 · 已证实协同 pair,pair_synergy,0.12790549455270228,0.047917749602411686,0.14747672638878173,14.132635155836562,9.262342353745453,0.9475092150489136,0.3551878781276607,2007-04-30,2026-07-31,232,2,,quality_improvement + revision,长期最稳的结构是质量改善 + 去杠杆 + 估值改善。盈利修正和价格动量更适合作为确认层；广义 growth 与 low-vol 不应被机械纳入等权核心。,C:\GoogleDrive\TP\07_backtest_code\runs\ad_hoc\eu_small_relative_synergy_20260709,C:\GoogleDrive\TP\09_reports\factor_explorer_sources\eu-small-factor-explorer.html
eu-small,MSCI EUR SMALL,old,旧基线,eu_small_validated_quality_value,Quality + value,旧基线 · 历史生产候选,validated_candidate,0.12462290260970899,0.04486794943885375,0.1536333949620161,15.666242121419941,9.0814324489164,0.9820520397530212,0.1522227598643274,2007-04-30,2026-07-31,232,6,,profitability plus valuation; min_count=2,长期最稳的结构是质量改善 + 去杠杆 + 估值改善。盈利修正和价格动量更适合作为确认层；广义 growth 与 low-vol 不应被机械纳入等权核心。,C:\GoogleDrive\TP\07_backtest_code\runs\ad_hoc\eu_small_relative_synergy_20260709,C:\GoogleDrive\TP\09_reports\factor_explorer_sources\eu-small-factor-explorer.html
eu-small,MSCI EUR SMALL,old,旧基线,eu_small_syn_subset_899194f687,revision + quality_improvement + earnings_yield_improvement,旧基线 · 领先 family subset,family_subset,0.13166587453506384,0.051411454480876584,0.14395964405404849,13.321587313313387,9.014737521079628,0.9535592640403128,0.3712514955064667,2007-04-30,2026-07-31,232,8,revision|quality_improvement|earnings_yield_improvement,3-bucket subset,盈利预期上修捕捉信息扩散和分析师纠错，是基本面改善能否进入市场定价的确认层。 利润率或 ROE 改善表明经营效率正在变好，可过滤静态高质量但边际恶化的公司。 远期盈利收益率改善提供估值纪律，避免为改善预期支付过高价格。,C:\GoogleDrive\TP\07_backtest_code\runs\ad_hoc\eu_small_relative_synergy_20260709,C:\GoogleDrive\TP\09_reports\factor_explorer_sources\eu-small-factor-explorer.html
eu-small,MSCI EUR SMALL,old,旧基线,eu_small_syn_pair_e89e3c049b0f,Oper Margin directional_delta lag3 + momentum: EPS Revision Ratio,旧基线 · 已证实协同 pair,pair_synergy,0.13065866092894507,0.05047566950545934,0.15484087922590906,15.984970542262833,8.988829583188688,0.9193586014899606,0.2829420514191427,2007-04-30,2026-07-31,232,2,,quality_improvement + revision,长期最稳的结构是质量改善 + 去杠杆 + 估值改善。盈利修正和价格动量更适合作为确认层；广义 growth 与 low-vol 不应被机械纳入等权核心。,C:\GoogleDrive\TP\07_backtest_code\runs\ad_hoc\eu_small_relative_synergy_20260709,C:\GoogleDrive\TP\09_reports\factor_explorer_sources\eu-small-factor-explorer.html
eu-small,MSCI EUR SMALL,old,旧基线,eu_small_syn_subset_27b784f1d4,growth + quality_improvement + deleveraging,旧基线 · 领先 family subset,family_subset,0.14056973293101738,0.059683877390533935,0.13753905341899353,11.953503838261005,8.72010595851861,0.7665132121249825,0.2794795934820302,2007-04-30,2026-07-31,232,8,growth|quality_improvement|deleveraging,3-bucket subset,近端盈利增长代表兑现能力，但欧洲小盘的广义 growth 证据较弱，只宜作为有门槛的补充信号。 利润率或 ROE 改善表明经营效率正在变好，可过滤静态高质量但边际恶化的公司。 去杠杆降低再融资、违约和股权稀释风险；这一机制在融资渠道更窄的小盘公司中尤其重要。,C:\GoogleDrive\TP\07_backtest_code\runs\ad_hoc\eu_small_relative_synergy_20260709,C:\GoogleDrive\TP\09_reports\factor_explorer_sources\eu-small-factor-explorer.html
eu-small,MSCI EUR SMALL,old,旧基线,eu_small_syn_subset_c04f0d771c,pmom + earnings_yield_improvement + deleveraging,旧基线 · 领先 family subset,family_subset,0.12702493055035724,0.047099632612845665,0.13769419609393507,11.984929864524638,8.655713601538555,0.8252795620324432,0.3632634469105902,2007-04-30,2026-07-31,232,7,pmom|earnings_yield_improvement|deleveraging,3-bucket subset,价格动量确认投资者已开始吸收新信息，可减少过早押注尚未被市场认可的变化。 远期盈利收益率改善提供估值纪律，避免为改善预期支付过高价格。 去杠杆降低再融资、违约和股权稀释风险；这一机制在融资渠道更窄的小盘公司中尤其重要。,C:\GoogleDrive\TP\07_backtest_code\runs\ad_hoc\eu_small_relative_synergy_20260709,C:\GoogleDrive\TP\09_reports\factor_explorer_sources\eu-small-factor-explorer.html
eu-small,MSCI EUR SMALL,old,旧基线,eu_small_syn_subset_d768d01d37,revision + pmom + quality_improvement,旧基线 · 领先 family subset,family_subset,0.11762225302630025,0.03836376536258945,0.14797670498015392,14.251662618309743,8.619308124366496,0.9497721511112494,0.2615012417282249,2007-04-30,2026-07-31,232,6,revision|pmom|quality_improvement,3-bucket subset,盈利预期上修捕捉信息扩散和分析师纠错，是基本面改善能否进入市场定价的确认层。 价格动量确认投资者已开始吸收新信息，可减少过早押注尚未被市场认可的变化。 利润率或 ROE 改善表明经营效率正在变好，可过滤静态高质量但边际恶化的公司。,C:\GoogleDrive\TP\07_backtest_code\runs\ad_hoc\eu_small_relative_synergy_20260709,C:\GoogleDrive\TP\09_reports\factor_explorer_sources\eu-small-factor-explorer.html
eu-small,MSCI EUR SMALL,old,旧基线,eu_small_syn_pair_709d119ceb15,NetDebt to EBITDA exFIN score_delta lag1 + ROE avg FY0 directional_delta lag3,旧基线 · 已证实协同 pair,pair_synergy,0.14023533005072664,0.05937318938035285,0.14080857581839012,12.632601956844411,8.078454631322199,0.7954103612921287,0.3938269606961723,2007-04-30,2026-07-31,232,2,,deleveraging + quality_improvement,长期最稳的结构是质量改善 + 去杠杆 + 估值改善。盈利修正和价格动量更适合作为确认层；广义 growth 与 low-vol 不应被机械纳入等权核心。,C:\GoogleDrive\TP\07_backtest_code\runs\ad_hoc\eu_small_relative_synergy_20260709,C:\GoogleDrive\TP\09_reports\factor_explorer_sources\eu-small-factor-explorer.html
eu-small,MSCI EUR SMALL,old,旧基线,eu_small_syn_pair_40b927c0721f,NetDebt to EBITDA exFIN score_delta lag3 + ROE avg FY0 directional_delta lag1,旧基线 · 已证实协同 pair,pair_synergy,0.14200879727897475,0.061020887521548994,0.14584092753517108,13.749760010239562,7.723914838003132,0.7880227693360499,0.3559848801108162,2007-04-30,2026-07-31,232,2,,deleveraging + quality_improvement,长期最稳的结构是质量改善 + 去杠杆 + 估值改善。盈利修正和价格动量更适合作为确认层；广义 growth 与 low-vol 不应被机械纳入等权核心。,C:\GoogleDrive\TP\07_backtest_code\runs\ad_hoc\eu_small_relative_synergy_20260709,C:\GoogleDrive\TP\09_reports\factor_explorer_sources\eu-small-factor-explorer.html
eu-small,MSCI EUR SMALL,old,旧基线,eu_small_syn_pair_0aba5845ec15,ROE avg FY0 directional_delta lag3 + momentum: EPS Revision Ratio,旧基线 · 已证实协同 pair,pair_synergy,0.13037341570476135,0.05021065303479322,0.14034510239590436,12.534159136932605,7.6688782875687505,0.9127408743798312,0.2888346499191122,2007-04-30,2026-07-31,232,2,,quality_improvement + revision,长期最稳的结构是质量改善 + 去杠杆 + 估值改善。盈利修正和价格动量更适合作为确认层；广义 growth 与 low-vol 不应被机械纳入等权核心。,C:\GoogleDrive\TP\07_backtest_code\runs\ad_hoc\eu_small_relative_synergy_20260709,C:\GoogleDrive\TP\09_reports\factor_explorer_sources\eu-small-factor-explorer.html
eu-small,MSCI EUR SMALL,old,旧基线,eu_small_syn_pair_3b21d9e4a2b9,NetDebt to EBITDA exFIN directional_delta lag1 + ROE avg FY0 directional_delta lag1,旧基线 · 已证实协同 pair,pair_synergy,0.13997199911006653,0.05912853309658628,0.12111913896803883,9.034912483044272,7.621807235714329,0.8236853974524473,0.4984103487904028,2007-04-30,2026-07-31,232,2,,deleveraging + quality_improvement,长期最稳的结构是质量改善 + 去杠杆 + 估值改善。盈利修正和价格动量更适合作为确认层；广义 growth 与 low-vol 不应被机械纳入等权核心。,C:\GoogleDrive\TP\07_backtest_code\runs\ad_hoc\eu_small_relative_synergy_20260709,C:\GoogleDrive\TP\09_reports\factor_explorer_sources\eu-small-factor-explorer.html
eu-small,MSCI EUR SMALL,old,旧基线,eu_small_syn_pair_20d3b3b417b2,NetDebt to EBITDA exFIN score_delta lag1 + ROE avg FY0 directional_delta lag1,旧基线 · 已证实协同 pair,pair_synergy,0.13505764676324827,0.05456269218446863,0.1280728598814962,10.177110434296166,7.547537563855111,0.8236853974524473,0.507305844266097,2007-04-30,2026-07-31,232,2,,deleveraging + quality_improvement,长期最稳的结构是质量改善 + 去杠杆 + 估值改善。盈利修正和价格动量更适合作为确认层；广义 growth 与 low-vol 不应被机械纳入等权核心。,C:\GoogleDrive\TP\07_backtest_code\runs\ad_hoc\eu_small_relative_synergy_20260709,C:\GoogleDrive\TP\09_reports\factor_explorer_sources\eu-small-factor-explorer.html
eu-small,MSCI EUR SMALL,old,旧基线,eu_small_syn_pair_8dc05f4571bb,momentum: PMOM 12M1M + ROE avg FY0 directional_delta lag1,旧基线 · 已证实协同 pair,pair_synergy,0.12008522253498488,0.040652068307601485,0.14288942791160175,13.08368342693731,7.234518381139486,0.9569031214520116,0.328401981075636,2007-04-30,2026-07-31,232,2,,pmom + quality_improvement,长期最稳的结构是质量改善 + 去杠杆 + 估值改善。盈利修正和价格动量更适合作为确认层；广义 growth 与 low-vol 不应被机械纳入等权核心。,C:\GoogleDrive\TP\07_backtest_code\runs\ad_hoc\eu_small_relative_synergy_20260709,C:\GoogleDrive\TP\09_reports\factor_explorer_sources\eu-small-factor-explorer.html
eu-small,MSCI EUR SMALL,old,旧基线,eu_small_syn_pair_033424e05f56,NetDebt to EBITDA exFIN directional_delta lag1 + momentum: EPS Revision Ratio,旧基线 · 已证实协同 pair,pair_synergy,0.12819295448159007,0.04818482371742894,0.12529909188595223,9.705993204465635,7.212449556176347,0.8197194270339208,0.3419696963464019,2007-04-30,2026-07-31,232,2,,deleveraging + revision,长期最稳的结构是质量改善 + 去杠杆 + 估值改善。盈利修正和价格动量更适合作为确认层；广义 growth 与 low-vol 不应被机械纳入等权核心。,C:\GoogleDrive\TP\07_backtest_code\runs\ad_hoc\eu_small_relative_synergy_20260709,C:\GoogleDrive\TP\09_reports\factor_explorer_sources\eu-small-factor-explorer.html
eu-small,MSCI EUR SMALL,old,旧基线,eu_small_reldelta_quality_oper_margin_lag3_score,Oper Margin directional_delta lag3,旧基线 · 通过 gate 的单变量,official candidate,0.12786755441702202,0.04788250006972139,0.14171216823659383,12.82663850454051,7.186781937190251,0.936015677247772,0.2457500814992021,2007-04-30,2026-07-31,232,1,,direction-adjusted level change versus lag 3 screen observations,长期最稳的结构是质量改善 + 去杠杆 + 估值改善。盈利修正和价格动量更适合作为确认层；广义 growth 与 low-vol 不应被机械纳入等权核心。,C:\GoogleDrive\TP\07_backtest_code\runs\ad_hoc\eu_small_relative_synergy_20260709,C:\GoogleDrive\TP\09_reports\factor_explorer_sources\eu-small-factor-explorer.html
eu-small,MSCI EUR SMALL,old,旧基线,eu_small_reldelta_quality_roe_avg_fy0_lag3_score,ROE avg FY0 directional_delta lag3,旧基线 · 通过 gate 的单变量,official candidate,0.13320159956986966,0.05283827040672695,0.1417275228625492,12.829960028649985,7.178383970139914,0.9296701245781296,0.2592127388168636,2007-04-30,2026-07-31,232,1,,direction-adjusted level change versus lag 3 screen observations,长期最稳的结构是质量改善 + 去杠杆 + 估值改善。盈利修正和价格动量更适合作为确认层；广义 growth 与 low-vol 不应被机械纳入等权核心。,C:\GoogleDrive\TP\07_backtest_code\runs\ad_hoc\eu_small_relative_synergy_20260709,C:\GoogleDrive\TP\09_reports\factor_explorer_sources\eu-small-factor-explorer.html
eu-small,MSCI EUR SMALL,old,旧基线,eu_small_validated_value_momentum,Value + momentum,旧基线 · 历史生产候选,validated_candidate,0.1059537916695572,0.027522797014323697,0.12307834664115003,9.343786966340467,6.742810816732286,0.9632486741216542,0.22040674342876,2007-04-30,2026-07-31,232,5,,cheap plus improving sentiment; min_count=2,长期最稳的结构是质量改善 + 去杠杆 + 估值改善。盈利修正和价格动量更适合作为确认层；广义 growth 与 low-vol 不应被机械纳入等权核心。,C:\GoogleDrive\TP\07_backtest_code\runs\ad_hoc\eu_small_relative_synergy_20260709,C:\GoogleDrive\TP\09_reports\factor_explorer_sources\eu-small-factor-explorer.html
eu-small,MSCI EUR SMALL,old,旧基线,eu_small_reldelta_quality_roe_avg_fy0_lag1_score,ROE avg FY0 directional_delta lag1,旧基线 · 通过 gate 的单变量,official candidate,0.1294157549854933,0.04932090680103096,0.13339617937321946,11.142641598270751,6.677932827836986,0.9659315364635986,0.5013504530500911,2007-04-30,2026-07-31,232,1,,direction-adjusted level change versus lag 1 screen observations,长期最稳的结构是质量改善 + 去杠杆 + 估值改善。盈利修正和价格动量更适合作为确认层；广义 growth 与 low-vol 不应被机械纳入等权核心。,C:\GoogleDrive\TP\07_backtest_code\runs\ad_hoc\eu_small_relative_synergy_20260709,C:\GoogleDrive\TP\09_reports\factor_explorer_sources\eu-small-factor-explorer.html
eu-small,MSCI EUR SMALL,old,旧基线,eu_small_syn_pair_9e22c0691ee6,NetDebt to EBITDA exFIN directional_delta lag1 + momentum: PMOM 12M1M,旧基线 · 已证实协同 pair,pair_synergy,0.11667496490704132,0.03748365613450866,0.11717019345693513,8.441522945032776,6.522407920449552,0.8247740952143957,0.3146470205198913,2007-04-30,2026-07-31,232,2,,deleveraging + pmom,长期最稳的结构是质量改善 + 去杠杆 + 估值改善。盈利修正和价格动量更适合作为确认层；广义 growth 与 low-vol 不应被机械纳入等权核心。,C:\GoogleDrive\TP\07_backtest_code\runs\ad_hoc\eu_small_relative_synergy_20260709,C:\GoogleDrive\TP\09_reports\factor_explorer_sources\eu-small-factor-explorer.html
eu-small,MSCI EUR SMALL,old,旧基线,eu_small_syn_pair_60a4c7e63ace,NetDebt to EBITDA exFIN score_delta lag1 + momentum: EPS Revision Ratio,旧基线 · 已证实协同 pair,pair_synergy,0.11994643374870417,0.040523122014413104,0.11709692229039947,8.430870157197672,6.16550875291851,0.8197194270339208,0.3863788787437648,2007-04-30,2026-07-31,232,2,,deleveraging + revision,长期最稳的结构是质量改善 + 去杠杆 + 估值改善。盈利修正和价格动量更适合作为确认层；广义 growth 与 low-vol 不应被机械纳入等权核心。,C:\GoogleDrive\TP\07_backtest_code\runs\ad_hoc\eu_small_relative_synergy_20260709,C:\GoogleDrive\TP\09_reports\factor_explorer_sources\eu-small-factor-explorer.html
eu-small,MSCI EUR SMALL,old,旧基线,eu_small_syn_pair_4a95877d504c,NetDebt to EBITDA exFIN score_delta lag3 + momentum: EPS Revision Ratio,旧基线 · 已证实协同 pair,pair_synergy,0.12219793995878336,0.04261495801687687,0.11935930956038554,8.765745687972036,5.460627180699016,0.7847955581131313,0.2978802172419599,2007-04-30,2026-07-31,232,2,,deleveraging + revision,长期最稳的结构是质量改善 + 去杠杆 + 估值改善。盈利修正和价格动量更适合作为确认层；广义 growth 与 low-vol 不应被机械纳入等权核心。,C:\GoogleDrive\TP\07_backtest_code\runs\ad_hoc\eu_small_relative_synergy_20260709,C:\GoogleDrive\TP\09_reports\factor_explorer_sources\eu-small-factor-explorer.html
eu-small,MSCI EUR SMALL,old,旧基线,eu_small_syn_pair_6592975eda25,NetDebt to EBITDA exFIN score_delta lag3 + PB LTM directional_delta lag1,旧基线 · 已证实协同 pair,pair_synergy,0.12523086603151978,0.045432797880413434,0.10889486376017699,7.315683034130955,5.151121043902281,0.7089055476927384,0.3365830573570443,2007-04-30,2026-07-31,232,2,,deleveraging + value_improvement,长期最稳的结构是质量改善 + 去杠杆 + 估值改善。盈利修正和价格动量更适合作为确认层；广义 growth 与 low-vol 不应被机械纳入等权核心。,C:\GoogleDrive\TP\07_backtest_code\runs\ad_hoc\eu_small_relative_synergy_20260709,C:\GoogleDrive\TP\09_reports\factor_explorer_sources\eu-small-factor-explorer.html
eu-small,MSCI EUR SMALL,old,旧基线,eu_small_syn_pair_0bb87ca525aa,NetDebt to EBITDA exFIN directional_delta lag1 + Earns Yield NTM directional_delta lag1,旧基线 · 已证实协同 pair,pair_synergy,0.12138852257990895,0.041862942141206894,0.1022771028816103,6.5193782859769565,5.135980593415794,0.827612485808047,0.4563589814014707,2007-04-30,2026-07-31,232,2,,deleveraging + earnings_yield_improvement,长期最稳的结构是质量改善 + 去杠杆 + 估值改善。盈利修正和价格动量更适合作为确认层；广义 growth 与 low-vol 不应被机械纳入等权核心。,C:\GoogleDrive\TP\07_backtest_code\runs\ad_hoc\eu_small_relative_synergy_20260709,C:\GoogleDrive\TP\09_reports\factor_explorer_sources\eu-small-factor-explorer.html
eu-small,MSCI EUR SMALL,old,旧基线,eu_small_relrank_quality_netdebt_to_ebitda_exfin_lag1_score,NetDebt to EBITDA exFIN score_delta lag1,旧基线 · 通过 gate 的单变量,official candidate,0.1218969529534446,0.04233531612594055,0.09835812402360933,6.087317258022696,5.03843984513485,0.8328615643031557,0.51509416827499,2007-04-30,2026-07-31,232,1,,sector-rank score change versus lag 1 screen observations,长期最稳的结构是质量改善 + 去杠杆 + 估值改善。盈利修正和价格动量更适合作为确认层；广义 growth 与 low-vol 不应被机械纳入等权核心。,C:\GoogleDrive\TP\07_backtest_code\runs\ad_hoc\eu_small_relative_synergy_20260709,C:\GoogleDrive\TP\09_reports\factor_explorer_sources\eu-small-factor-explorer.html
eu-small,MSCI EUR SMALL,old,旧基线,eu_small_relrank_quality_netdebt_to_ebitda_exfin_lag3_score,NetDebt to EBITDA exFIN score_delta lag3,旧基线 · 通过 gate 的单变量,official candidate,0.1251063089735529,0.04531707404316632,0.11400864635171692,7.993282490683898,4.880869914963926,0.7966390344806134,0.2794206403253547,2007-04-30,2026-07-31,232,1,,sector-rank score change versus lag 3 screen observations,长期最稳的结构是质量改善 + 去杠杆 + 估值改善。盈利修正和价格动量更适合作为确认层；广义 growth 与 low-vol 不应被机械纳入等权核心。,C:\GoogleDrive\TP\07_backtest_code\runs\ad_hoc\eu_small_relative_synergy_20260709,C:\GoogleDrive\TP\09_reports\factor_explorer_sources\eu-small-factor-explorer.html
eu-small,MSCI EUR SMALL,old,旧基线,eu_small_syn_pair_7b4db3fbb664,momentum: EPS Revision Ratio + PB LTM directional_delta lag1,旧基线 · 已证实协同 pair,pair_synergy,0.1169661566882707,0.037754197449860305,0.1093305551204038,7.371221016842217,4.8385180228522975,0.8515405073331571,0.3668497681944955,2007-04-30,2026-07-31,232,2,,revision + value_improvement,长期最稳的结构是质量改善 + 去杠杆 + 估值改善。盈利修正和价格动量更适合作为确认层；广义 growth 与 low-vol 不应被机械纳入等权核心。,C:\GoogleDrive\TP\07_backtest_code\runs\ad_hoc\eu_small_relative_synergy_20260709,C:\GoogleDrive\TP\09_reports\factor_explorer_sources\eu-small-factor-explorer.html
eu-small,MSCI EUR SMALL,old,旧基线,eu_small_syn_pair_b75b44284c53,NetDebt to EBITDA exFIN directional_delta lag1 + Earns Yield NTM score_delta lag1,旧基线 · 已证实协同 pair,pair_synergy,0.11814406324483495,0.03884857033301237,0.09602850153550091,5.8434964330447094,4.631571293421302,0.827612485808047,0.4901738233937323,2007-04-30,2026-07-31,232,2,,deleveraging + earnings_yield_improvement,长期最稳的结构是质量改善 + 去杠杆 + 估值改善。盈利修正和价格动量更适合作为确认层；广义 growth 与 low-vol 不应被机械纳入等权核心。,C:\GoogleDrive\TP\07_backtest_code\runs\ad_hoc\eu_small_relative_synergy_20260709,C:\GoogleDrive\TP\09_reports\factor_explorer_sources\eu-small-factor-explorer.html
eu-small,MSCI EUR SMALL,old,旧基线,eu_small_momentum_eps_revision_ratio_score,momentum: EPS Revision Ratio,旧基线 · 通过 gate 的单变量,core,0.10847382553368368,0.029026990688002074,0.10099859343579731,6.375327001070983,4.520792427908214,0.9790581209076628,0.2971693722868479,2007-04-30,2026-07-31,232,1,,earnings revision,长期最稳的结构是质量改善 + 去杠杆 + 估值改善。盈利修正和价格动量更适合作为确认层；广义 growth 与 low-vol 不应被机械纳入等权核心。,C:\GoogleDrive\TP\07_backtest_code\runs\ad_hoc\eu_small_relative_synergy_20260709,C:\GoogleDrive\TP\09_reports\factor_explorer_sources\eu-small-factor-explorer.html
eu-small,MSCI EUR SMALL,old,旧基线,eu_small_reldelta_quality_netdebt_to_ebitda_exfin_lag1_score,NetDebt to EBITDA exFIN directional_delta lag1,旧基线 · 通过 gate 的单变量,official candidate,0.11830979765422556,0.039002551344860414,0.08765246010792693,5.041142576066334,3.966960027086161,0.8328615643031557,0.4784973244945237,2007-04-30,2026-07-31,232,1,,direction-adjusted level change versus lag 1 screen observations,长期最稳的结构是质量改善 + 去杠杆 + 估值改善。盈利修正和价格动量更适合作为确认层；广义 growth 与 low-vol 不应被机械纳入等权核心。,C:\GoogleDrive\TP\07_backtest_code\runs\ad_hoc\eu_small_relative_synergy_20260709,C:\GoogleDrive\TP\09_reports\factor_explorer_sources\eu-small-factor-explorer.html
eu-small,MSCI EUR SMALL,old,旧基线,eu_small_syn_pair_4ed704150f77,momentum: EPS Revision Ratio + EV To EBITDA NTM directional_delta lag1,旧基线 · 已证实协同 pair,pair_synergy,0.105778917658788,0.027360324554783322,0.10022482613003847,6.289616990379378,3.4496101501257312,0.8777392413331881,0.428735920952264,2007-04-30,2026-07-31,232,2,,revision + value_improvement,长期最稳的结构是质量改善 + 去杠杆 + 估值改善。盈利修正和价格动量更适合作为确认层；广义 growth 与 low-vol 不应被机械纳入等权核心。,C:\GoogleDrive\TP\07_backtest_code\runs\ad_hoc\eu_small_relative_synergy_20260709,C:\GoogleDrive\TP\09_reports\factor_explorer_sources\eu-small-factor-explorer.html
eu-small,MSCI EUR SMALL,old,旧基线,eu_small_momentum_pmom_12m1m_score,momentum: PMOM 12M1M,旧基线 · 通过 gate 的单变量,core,0.0910059781013366,0.01281110352580317,0.10039192420552867,6.308033397801783,3.107827011720124,0.986274631786864,0.2330263772237028,2007-04-30,2026-07-31,232,1,,12M minus 1M price momentum,长期最稳的结构是质量改善 + 去杠杆 + 估值改善。盈利修正和价格动量更适合作为确认层；广义 growth 与 low-vol 不应被机械纳入等权核心。,C:\GoogleDrive\TP\07_backtest_code\runs\ad_hoc\eu_small_relative_synergy_20260709,C:\GoogleDrive\TP\09_reports\factor_explorer_sources\eu-small-factor-explorer.html
eu-small,MSCI EUR SMALL,old,旧基线,eu_small_syn_pair_27402c3dc717,momentum: PMOM 12M1M + EV To EBITDA NTM directional_delta lag1,旧基线 · 已证实协同 pair,pair_synergy,0.10204491378053704,0.02389112526459347,0.0947599738483651,5.714654110191867,3.1073156759840543,0.8696517722444282,0.4213518618253258,2007-04-30,2026-07-31,232,2,,pmom + value_improvement,长期最稳的结构是质量改善 + 去杠杆 + 估值改善。盈利修正和价格动量更适合作为确认层；广义 growth 与 low-vol 不应被机械纳入等权核心。,C:\GoogleDrive\TP\07_backtest_code\runs\ad_hoc\eu_small_relative_synergy_20260709,C:\GoogleDrive\TP\09_reports\factor_explorer_sources\eu-small-factor-explorer.html
eu-small,MSCI EUR SMALL,old,旧基线,eu_small_syn_pair_857c47955c38,momentum: PMOM 12M1M + PB LTM directional_delta lag1,旧基线 · 已证实协同 pair,pair_synergy,0.10765267697898984,0.029101202367335377,0.09186058419395482,5.430206452983025,2.941672312436597,0.8581815636810427,0.3389190709485116,2007-04-30,2026-07-31,232,2,,pmom + value_improvement,长期最稳的结构是质量改善 + 去杠杆 + 估值改善。盈利修正和价格动量更适合作为确认层；广义 growth 与 low-vol 不应被机械纳入等权核心。,C:\GoogleDrive\TP\07_backtest_code\runs\ad_hoc\eu_small_relative_synergy_20260709,C:\GoogleDrive\TP\09_reports\factor_explorer_sources\eu-small-factor-explorer.html
eu-small,MSCI EUR SMALL,old,旧基线,eu_small_syn_pair_4912ecc63b08,momentum: EPS Revision Ratio + PB LTM directional_delta lag3,旧基线 · 已证实协同 pair,pair_synergy,0.10300114442105723,0.02477954283659245,0.09141699153774407,5.387889668679614,2.8753614052140657,0.8227522279422057,0.3029646021328509,2007-04-30,2026-07-31,232,2,,revision + value_improvement,长期最稳的结构是质量改善 + 去杠杆 + 估值改善。盈利修正和价格动量更适合作为确认层；广义 growth 与 low-vol 不应被机械纳入等权核心。,C:\GoogleDrive\TP\07_backtest_code\runs\ad_hoc\eu_small_relative_synergy_20260709,C:\GoogleDrive\TP\09_reports\factor_explorer_sources\eu-small-factor-explorer.html
eu-small,MSCI EUR SMALL,old,旧基线,eu_small_syn_pair_08251593d3b6,momentum: PMOM 12M1M + PB LTM directional_delta lag3,旧基线 · 已证实协同 pair,pair_synergy,0.10677829359732471,0.02828882768698371,0.0939712624733553,5.635908789373147,2.792969240265808,0.8319050655551581,0.2686854509114544,2007-04-30,2026-07-31,232,2,,pmom + value_improvement,长期最稳的结构是质量改善 + 去杠杆 + 估值改善。盈利修正和价格动量更适合作为确认层；广义 growth 与 low-vol 不应被机械纳入等权核心。,C:\GoogleDrive\TP\07_backtest_code\runs\ad_hoc\eu_small_relative_synergy_20260709,C:\GoogleDrive\TP\09_reports\factor_explorer_sources\eu-small-factor-explorer.html
eu-small,MSCI EUR SMALL,old,旧基线,eu_small_syn_pair_da841af42fe8,Earns Yield NTM directional_delta lag1 + momentum: EPS Revision Ratio,旧基线 · 已证实协同 pair,pair_synergy,0.10128783834838062,0.023187739398511376,0.07976546746073598,4.382048213369806,2.559833166329603,0.9547801608162124,0.401539851816576,2007-04-30,2026-07-31,232,2,,earnings_yield_improvement + revision,长期最稳的结构是质量改善 + 去杠杆 + 估值改善。盈利修正和价格动量更适合作为确认层；广义 growth 与 low-vol 不应被机械纳入等权核心。,C:\GoogleDrive\TP\07_backtest_code\runs\ad_hoc\eu_small_relative_synergy_20260709,C:\GoogleDrive\TP\09_reports\factor_explorer_sources\eu-small-factor-explorer.html
eu-small,MSCI EUR SMALL,old,旧基线,eu_small_syn_pair_a2e7341e650f,Earns Yield NTM score_delta lag1 + momentum: PMOM 12M1M,旧基线 · 已证实协同 pair,pair_synergy,0.08967222073766723,0.012395867273012007,0.08978894077795063,5.235244603884002,2.1693438017202658,0.9659704185265252,0.4110878765749047,2007-04-30,2026-07-31,232,2,,earnings_yield_improvement + pmom,长期最稳的结构是质量改善 + 去杠杆 + 估值改善。盈利修正和价格动量更适合作为确认层；广义 growth 与 low-vol 不应被机械纳入等权核心。,C:\GoogleDrive\TP\07_backtest_code\runs\ad_hoc\eu_small_relative_synergy_20260709,C:\GoogleDrive\TP\09_reports\factor_explorer_sources\eu-small-factor-explorer.html
eu-small,MSCI EUR SMALL,old,旧基线,eu_small_syn_pair_b209c4d71bad,Earns Yield NTM directional_delta lag1 + PB LTM directional_delta lag1,旧基线 · 已证实协同 pair,pair_synergy,0.10304338870087437,0.024818791276158825,0.06916824823348189,3.624190929635562,2.142088345751402,0.8627463178686409,0.4785417587320319,2007-04-30,2026-07-31,232,2,,earnings_yield_improvement + value_improvement,长期最稳的结构是质量改善 + 去杠杆 + 估值改善。盈利修正和价格动量更适合作为确认层；广义 growth 与 low-vol 不应被机械纳入等权核心。,C:\GoogleDrive\TP\07_backtest_code\runs\ad_hoc\eu_small_relative_synergy_20260709,C:\GoogleDrive\TP\09_reports\factor_explorer_sources\eu-small-factor-explorer.html
eu-small,MSCI EUR SMALL,old,旧基线,eu_small_syn_pair_c50ef985a596,Earns Yield NTM score_delta lag1 + momentum: EPS Revision Ratio,旧基线 · 已证实协同 pair,pair_synergy,0.0921952455768027,0.014739966600825216,0.0788659050407825,4.312294247211236,2.004954350375257,0.9547801608162124,0.4247985097196048,2007-04-30,2026-07-31,232,2,,earnings_yield_improvement + revision,长期最稳的结构是质量改善 + 去杠杆 + 估值改善。盈利修正和价格动量更适合作为确认层；广义 growth 与 low-vol 不应被机械纳入等权核心。,C:\GoogleDrive\TP\07_backtest_code\runs\ad_hoc\eu_small_relative_synergy_20260709,C:\GoogleDrive\TP\09_reports\factor_explorer_sources\eu-small-factor-explorer.html
eu-small,MSCI EUR SMALL,old,旧基线,eu_small_syn_pair_0e147cfca1c1,Earns Yield NTM directional_delta lag1 + momentum: PMOM 12M1M,旧基线 · 已证实协同 pair,pair_synergy,0.08695183963169706,0.009868407605161389,0.08258685524529463,4.607829346166303,1.9706969035694475,0.9659704185265252,0.380346245540575,2007-04-30,2026-07-31,232,2,,earnings_yield_improvement + pmom,长期最稳的结构是质量改善 + 去杠杆 + 估值改善。盈利修正和价格动量更适合作为确认层；广义 growth 与 low-vol 不应被机械纳入等权核心。,C:\GoogleDrive\TP\07_backtest_code\runs\ad_hoc\eu_small_relative_synergy_20260709,C:\GoogleDrive\TP\09_reports\factor_explorer_sources\eu-small-factor-explorer.html
eu-small,MSCI EUR SMALL,old,旧基线,eu_small_syn_pair_f29bdf453460,Earns Yield FY1 score_delta lag1 + momentum: EPS Revision Ratio,旧基线 · 已证实协同 pair,pair_synergy,0.09334921459127532,0.01581209952206497,0.07358629303629116,3.923653000175963,1.965340951922871,0.9547801608162124,0.4309416929374123,2007-04-30,2026-07-31,232,2,,earnings_yield_improvement + revision,长期最稳的结构是质量改善 + 去杠杆 + 估值改善。盈利修正和价格动量更适合作为确认层；广义 growth 与 low-vol 不应被机械纳入等权核心。,C:\GoogleDrive\TP\07_backtest_code\runs\ad_hoc\eu_small_relative_synergy_20260709,C:\GoogleDrive\TP\09_reports\factor_explorer_sources\eu-small-factor-explorer.html
eu-small,MSCI EUR SMALL,old,旧基线,eu_small_syn_pair_d3a2e8defd33,Earns Yield NTM score_delta lag1 + PB LTM directional_delta lag1,旧基线 · 已证实协同 pair,pair_synergy,0.10023330277880471,0.02220798839429805,0.05569448477245387,2.83904176050331,1.683279660194977,0.8627463178686409,0.5045621779868018,2007-04-30,2026-07-31,232,2,,earnings_yield_improvement + value_improvement,长期最稳的结构是质量改善 + 去杠杆 + 估值改善。盈利修正和价格动量更适合作为确认层；广义 growth 与 low-vol 不应被机械纳入等权核心。,C:\GoogleDrive\TP\07_backtest_code\runs\ad_hoc\eu_small_relative_synergy_20260709,C:\GoogleDrive\TP\09_reports\factor_explorer_sources\eu-small-factor-explorer.html
eu-small,MSCI EUR SMALL,old,旧基线,eu_small_syn_pair_91245eec653a,growth: EPS Growth FY1 + PB LTM directional_delta lag1,旧基线 · 已证实协同 pair,pair_synergy,0.10235242094753683,0.02417682492647577,0.05569122457010467,2.8388729674840945,1.5210478800847589,0.7733642316126724,0.3231993635316789,2007-04-30,2026-07-31,232,2,,growth + value_improvement,长期最稳的结构是质量改善 + 去杠杆 + 估值改善。盈利修正和价格动量更适合作为确认层；广义 growth 与 low-vol 不应被机械纳入等权核心。,C:\GoogleDrive\TP\07_backtest_code\runs\ad_hoc\eu_small_relative_synergy_20260709,C:\GoogleDrive\TP\09_reports\factor_explorer_sources\eu-small-factor-explorer.html
eu-small,MSCI EUR SMALL,old,旧基线,eu_small_syn_pair_bf9420a88eff,Earns Yield FY1 score_delta lag1 + momentum: PMOM 12M1M,旧基线 · 已证实协同 pair,pair_synergy,0.08881194312013307,0.011596598017428406,0.08041127902395329,4.432784004272878,1.4830449798189655,0.9659704185265252,0.4217737086792428,2007-04-30,2026-07-31,232,2,,earnings_yield_improvement + pmom,长期最稳的结构是质量改善 + 去杠杆 + 估值改善。盈利修正和价格动量更适合作为确认层；广义 growth 与 low-vol 不应被机械纳入等权核心。,C:\GoogleDrive\TP\07_backtest_code\runs\ad_hoc\eu_small_relative_synergy_20260709,C:\GoogleDrive\TP\09_reports\factor_explorer_sources\eu-small-factor-explorer.html
eu-small,MSCI EUR SMALL,old,旧基线,eu_small_syn_pair_bfa692da76d4,Earns Yield NTM directional_delta lag1 + PB LTM directional_delta lag3,旧基线 · 已证实协同 pair,pair_synergy,0.09853389775563248,0.020629100184118787,0.06213463937996688,3.1917140153990102,1.4630790306574608,0.8343857411698835,0.4071524382123984,2007-04-30,2026-07-31,232,2,,earnings_yield_improvement + value_improvement,长期最稳的结构是质量改善 + 去杠杆 + 估值改善。盈利修正和价格动量更适合作为确认层；广义 growth 与 low-vol 不应被机械纳入等权核心。,C:\GoogleDrive\TP\07_backtest_code\runs\ad_hoc\eu_small_relative_synergy_20260709,C:\GoogleDrive\TP\09_reports\factor_explorer_sources\eu-small-factor-explorer.html
eu-small,MSCI EUR SMALL,old,旧基线,eu_small_syn_pair_5b66d31a1488,growth: EPS Growth FY1 + EV To EBITDA NTM directional_delta lag1,旧基线 · 已证实协同 pair,pair_synergy,0.09376747071880587,0.01620069415347336,0.05721240668162131,2.918672397573893,1.2917800617408433,0.7927041697124283,0.3936848593244049,2007-04-30,2026-07-31,232,2,,growth + value_improvement,长期最稳的结构是质量改善 + 去杠杆 + 估值改善。盈利修正和价格动量更适合作为确认层；广义 growth 与 low-vol 不应被机械纳入等权核心。,C:\GoogleDrive\TP\07_backtest_code\runs\ad_hoc\eu_small_relative_synergy_20260709,C:\GoogleDrive\TP\09_reports\factor_explorer_sources\eu-small-factor-explorer.html
eu-small,MSCI EUR SMALL,old,旧基线,eu_small_syn_pair_adb8a91b6300,Earns Yield NTM score_delta lag1 + EV To EBITDA NTM directional_delta lag1,旧基线 · 已证实协同 pair,pair_synergy,0.08756540473021546,0.01043846046896868,0.058345587480219896,2.9794949506908024,1.2688194122281085,0.873376673872809,0.504435260038327,2007-04-30,2026-07-31,232,2,,earnings_yield_improvement + value_improvement,长期最稳的结构是质量改善 + 去杠杆 + 估值改善。盈利修正和价格动量更适合作为确认层；广义 growth 与 low-vol 不应被机械纳入等权核心。,C:\GoogleDrive\TP\07_backtest_code\runs\ad_hoc\eu_small_relative_synergy_20260709,C:\GoogleDrive\TP\09_reports\factor_explorer_sources\eu-small-factor-explorer.html
eu-small,MSCI EUR SMALL,old,旧基线,eu_small_reldelta_value_pb_ltm_lag1_score,PB LTM directional_delta lag1,旧基线 · 通过 gate 的单变量,official candidate,0.10111619290287321,0.023028266543866804,0.0489720778411169,2.510492395960231,1.2216503107217347,0.8668289344759476,0.4769307774715342,2007-04-30,2026-07-31,232,1,,direction-adjusted level change versus lag 1 screen observations,长期最稳的结构是质量改善 + 去杠杆 + 估值改善。盈利修正和价格动量更适合作为确认层；广义 growth 与 low-vol 不应被机械纳入等权核心。,C:\GoogleDrive\TP\07_backtest_code\runs\ad_hoc\eu_small_relative_synergy_20260709,C:\GoogleDrive\TP\09_reports\factor_explorer_sources\eu-small-factor-explorer.html
eu-small,MSCI EUR SMALL,old,旧基线,eu_small_reldelta_value_pb_ltm_lag3_score,PB LTM directional_delta lag3,旧基线 · 通过 gate 的单变量,official candidate,0.1015820732497652,0.023461108024874555,0.04942253677411035,2.5313297096750107,1.1824060834407923,0.8368353111342676,0.2547484368572653,2007-04-30,2026-07-31,232,1,,direction-adjusted level change versus lag 3 screen observations,长期最稳的结构是质量改善 + 去杠杆 + 估值改善。盈利修正和价格动量更适合作为确认层；广义 growth 与 low-vol 不应被机械纳入等权核心。,C:\GoogleDrive\TP\07_backtest_code\runs\ad_hoc\eu_small_relative_synergy_20260709,C:\GoogleDrive\TP\09_reports\factor_explorer_sources\eu-small-factor-explorer.html
eu-small,MSCI EUR SMALL,old,旧基线,eu_small_syn_pair_68008e68e7fb,Earns Yield NTM directional_delta lag1 + EV To EBITDA NTM directional_delta lag1,旧基线 · 已证实协同 pair,pair_synergy,0.08349187864863361,0.006653816892912001,0.06262194202560578,3.220024755879521,1.095333866025598,0.873376673872809,0.4907593713180553,2007-04-30,2026-07-31,232,2,,earnings_yield_improvement + value_improvement,长期最稳的结构是质量改善 + 去杠杆 + 估值改善。盈利修正和价格动量更适合作为确认层；广义 growth 与 low-vol 不应被机械纳入等权核心。,C:\GoogleDrive\TP\07_backtest_code\runs\ad_hoc\eu_small_relative_synergy_20260709,C:\GoogleDrive\TP\09_reports\factor_explorer_sources\eu-small-factor-explorer.html
eu-small,MSCI EUR SMALL,old,旧基线,eu_small_syn_pair_9911cd8710b9,momentum: PMOM 12M1M + Daily Vol 260J score_delta lag12,旧基线 · 已证实协同 pair,pair_synergy,0.15034132459699223,0.01196414673868662,0.07026688020008964,3.280651606658705,1.0604555382804006,0.8013126584444065,0.2263290748855936,2009-01-31,2026-07-31,211,2,,pmom + risk_decline,长期最稳的结构是质量改善 + 去杠杆 + 估值改善。盈利修正和价格动量更适合作为确认层；广义 growth 与 low-vol 不应被机械纳入等权核心。,C:\GoogleDrive\TP\07_backtest_code\runs\ad_hoc\eu_small_relative_synergy_20260709,C:\GoogleDrive\TP\09_reports\factor_explorer_sources\eu-small-factor-explorer.html
eu-small,MSCI EUR SMALL,old,旧基线,eu_small_reldelta_value_ev_to_ebitda_ntm_lag1_score,EV To EBITDA NTM directional_delta lag1,旧基线 · 通过 gate 的单变量,official candidate,0.07858370930688818,0.002093720505307317,0.05560911370789978,2.834624913289069,0.8034942968564611,0.878275813801577,0.4849775998956532,2007-04-30,2026-07-31,232,1,,direction-adjusted level change versus lag 1 screen observations,长期最稳的结构是质量改善 + 去杠杆 + 估值改善。盈利修正和价格动量更适合作为确认层；广义 growth 与 low-vol 不应被机械纳入等权核心。,C:\GoogleDrive\TP\07_backtest_code\runs\ad_hoc\eu_small_relative_synergy_20260709,C:\GoogleDrive\TP\09_reports\factor_explorer_sources\eu-small-factor-explorer.html
eu-small,MSCI EUR SMALL,old,旧基线,eu_small_relrank_value_earns_yield_ntm_lag1_score,Earns Yield NTM score_delta lag1,旧基线 · 通过 gate 的单变量,official candidate,0.08888257168450875,0.011662217811458708,0.0403846676600228,2.14302649640198,0.6705155636404743,0.9727358974757764,0.5062407639199377,2007-04-30,2026-07-31,232,1,,sector-rank score change versus lag 1 screen observations,长期最稳的结构是质量改善 + 去杠杆 + 估值改善。盈利修正和价格动量更适合作为确认层；广义 growth 与 low-vol 不应被机械纳入等权核心。,C:\GoogleDrive\TP\07_backtest_code\runs\ad_hoc\eu_small_relative_synergy_20260709,C:\GoogleDrive\TP\09_reports\factor_explorer_sources\eu-small-factor-explorer.html
eu-small,MSCI EUR SMALL,old,旧基线,eu_small_reldelta_value_earns_yield_ntm_lag1_score,Earns Yield NTM directional_delta lag1,旧基线 · 通过 gate 的单变量,official candidate,0.08759244590275572,0.01046358396097391,0.04468886699049013,2.320319771460167,0.6509612856990526,0.9727358974757764,0.4619839778257419,2007-04-30,2026-07-31,232,1,,direction-adjusted level change versus lag 1 screen observations,长期最稳的结构是质量改善 + 去杠杆 + 估值改善。盈利修正和价格动量更适合作为确认层；广义 growth 与 low-vol 不应被机械纳入等权核心。,C:\GoogleDrive\TP\07_backtest_code\runs\ad_hoc\eu_small_relative_synergy_20260709,C:\GoogleDrive\TP\09_reports\factor_explorer_sources\eu-small-factor-explorer.html
eu-small,MSCI EUR SMALL,old,旧基线,eu_small_syn_pair_53ce5cd0d068,Earns Yield FY1 score_delta lag1 + growth: EPS Growth FY1,旧基线 · 已证实协同 pair,pair_synergy,0.08846870610246005,0.011277702360941833,0.03742098301528163,2.028501056990215,0.6423833218950616,0.8642627183227833,0.4138642421617264,2007-04-30,2026-07-31,232,2,,earnings_yield_improvement + growth,长期最稳的结构是质量改善 + 去杠杆 + 估值改善。盈利修正和价格动量更适合作为确认层；广义 growth 与 low-vol 不应被机械纳入等权核心。,C:\GoogleDrive\TP\07_backtest_code\runs\ad_hoc\eu_small_relative_synergy_20260709,C:\GoogleDrive\TP\09_reports\factor_explorer_sources\eu-small-factor-explorer.html
eu-small,MSCI EUR SMALL,old,旧基线,eu_small_syn_pair_bd66853715f9,momentum: EPS Revision Ratio + Daily Vol 260J score_delta lag12,旧基线 · 已证实协同 pair,pair_synergy,0.14517615831708364,0.007420310074345071,0.05596523843709589,2.5926684137804203,0.602203298421347,0.7882405088884396,0.2635812335203029,2009-01-31,2026-07-31,211,2,,revision + risk_decline,长期最稳的结构是质量改善 + 去杠杆 + 估值改善。盈利修正和价格动量更适合作为确认层；广义 growth 与 low-vol 不应被机械纳入等权核心。,C:\GoogleDrive\TP\07_backtest_code\runs\ad_hoc\eu_small_relative_synergy_20260709,C:\GoogleDrive\TP\09_reports\factor_explorer_sources\eu-small-factor-explorer.html
eu-small,MSCI EUR SMALL,old,旧基线,eu_small_growth_eps_growth_fy1_score,growth: EPS Growth FY1,旧基线 · 通过 gate 的单变量,core,0.08381836575416135,0.006138643668408994,0.0353735870845826,1.952799130946754,0.2905749951899582,0.8834160225204909,0.193429270188972,2007-04-30,2026-07-31,232,1,,forward EPS growth,长期最稳的结构是质量改善 + 去杠杆 + 估值改善。盈利修正和价格动量更适合作为确认层；广义 growth 与 low-vol 不应被机械纳入等权核心。,C:\GoogleDrive\TP\07_backtest_code\runs\ad_hoc\eu_small_relative_synergy_20260709,C:\GoogleDrive\TP\09_reports\factor_explorer_sources\eu-small-factor-explorer.html
eu-small,MSCI EUR SMALL,old,旧基线,eu_small_relrank_value_earns_yield_fy1_lag1_score,Earns Yield FY1 score_delta lag1,旧基线 · 通过 gate 的单变量,official candidate,0.08150039335975046,0.004803561891609576,0.027627918297032927,1.6899402487268267,0.2441098335673796,0.9727358974757764,0.520164936024163,2007-04-30,2026-07-31,232,1,,sector-rank score change versus lag 1 screen observations,长期最稳的结构是质量改善 + 去杠杆 + 估值改善。盈利修正和价格动量更适合作为确认层；广义 growth 与 low-vol 不应被机械纳入等权核心。,C:\GoogleDrive\TP\07_backtest_code\runs\ad_hoc\eu_small_relative_synergy_20260709,C:\GoogleDrive\TP\09_reports\factor_explorer_sources\eu-small-factor-explorer.html
eu-small,MSCI EUR SMALL,old,旧基线,eu_small_relrank_lowvol_daily_vol_260j_lag12_score,Daily Vol 260J score_delta lag12,旧基线 · 通过 gate 的单变量,official candidate,0.13788451967303095,0.0010057992496201873,0.022546934823908682,1.4770907812767378,0.0108616270816091,0.8014759631086987,0.212302989069177,2009-01-31,2026-07-31,211,1,,sector-rank score change versus lag 12 screen observations,长期最稳的结构是质量改善 + 去杠杆 + 估值改善。盈利修正和价格动量更适合作为确认层；广义 growth 与 low-vol 不应被机械纳入等权核心。,C:\GoogleDrive\TP\07_backtest_code\runs\ad_hoc\eu_small_relative_synergy_20260709,C:\GoogleDrive\TP\09_reports\factor_explorer_sources\eu-small-factor-explorer.html
eu-small,MSCI EUR SMALL,new,新扩展,eu_small_ext_country_quality_repair,Country-aware Quality Repair,新扩展 · quality_improvement,extension_candidate,0.1450748115222067,0.06235850566362222,0.16084865959436923,15.923502034056108,9.492243296276998,0.79656127035476,,2007-04-02,2026-07-02,233,2,,Margin improvement jointly confirmed by deleveraging.,Margin improvement jointly confirmed by deleveraging.。,C:\GoogleDrive\TP\07_backtest_code\runs\ad_hoc\eu_small_factor_extension_20260711,C:\GoogleDrive\TP\09_reports\factor_explorer_sources\eu-small-factor-explorer.html
eu-small,MSCI EUR SMALL,new,新扩展,eu_small_ext_country_roe,Country-aware ROE,新扩展 · quality_level,extension_candidate,0.10899251665680221,0.028882674344334225,0.1395359991203391,13.16266696380492,6.611016875332368,0.9852325925004277,,2007-04-02,2026-07-02,233,1,,静态质量必须在本地国家同业中仍然突出。,欧洲小盘的 ROE 会受到国家融资结构影响；国家优先、行业回退的排序减少把国家差异误当公司质量。,C:\GoogleDrive\TP\07_backtest_code\runs\ad_hoc\eu_small_factor_extension_20260711,C:\GoogleDrive\TP\09_reports\factor_explorer_sources\eu-small-factor-explorer.html
eu-small,MSCI EUR SMALL,new,新扩展,eu_small_ext_country_margin_improvement,Country-aware Margin Improvement,新扩展 · quality_improvement,extension_candidate,0.12775290478682977,0.04628787593477002,0.13635253892927746,12.02972689929618,6.568928986074035,0.936015677247772,,2007-04-02,2026-07-02,233,1,,Operating-margin improvement with country exposure control.,Operating-margin improvement with country exposure control.。,C:\GoogleDrive\TP\07_backtest_code\runs\ad_hoc\eu_small_factor_extension_20260711,C:\GoogleDrive\TP\09_reports\factor_explorer_sources\eu-small-factor-explorer.html
eu-small,MSCI EUR SMALL,new,新扩展,eu_small_ext_downside_aware_revision,Downside-aware Revision,新扩展 · residual_risk,extension_candidate,0.10514707849171967,0.02531501953023385,0.11523428205751007,10.498618722820458,5.038418120447112,0.9648817207645769,,2007-04-02,2026-07-02,233,2,,在基本面改善中约束公司特有下行风险。,残差下行风险用于避免把高 beta 或尾部脆弱性误当作更强的预期回报。,C:\GoogleDrive\TP\07_backtest_code\runs\ad_hoc\eu_small_factor_extension_20260711,C:\GoogleDrive\TP\09_reports\factor_explorer_sources\eu-small-factor-explorer.html
eu-small,MSCI EUR SMALL,new,新扩展,eu_small_ext_country_pfcf,Country-aware P/FCF,新扩展 · value_level,extension_candidate,0.13821282502725118,0.055992207017464324,0.0928398725466335,6.83300461836923,4.42912376226384,0.7707591333965815,,2007-04-02,2026-07-02,233,1,,P/FCF 在本地国家同业中比较。,现金流估值适合融资约束更强的小盘公司；国家调整用于减少税制、利率和市场结构差异。,C:\GoogleDrive\TP\07_backtest_code\runs\ad_hoc\eu_small_factor_extension_20260711,C:\GoogleDrive\TP\09_reports\factor_explorer_sources\eu-small-factor-explorer.html
eu-small,MSCI EUR SMALL,new,新扩展,eu_small_ext_country_revision,Country-aware EPS Revision,新扩展 · revision,extension_candidate,0.10713872649636169,0.027162796008603163,0.09602225106817053,8.110641089693587,3.9646958401372236,0.9790581209076629,,2007-04-02,2026-07-02,233,1,,在国家与行业同组内比较盈利预期修正。,欧洲国家会计、行业权重与宏观暴露不同，同组排序更聚焦公司层面的盈利信息。,C:\GoogleDrive\TP\07_backtest_code\runs\ad_hoc\eu_small_factor_extension_20260711,C:\GoogleDrive\TP\09_reports\factor_explorer_sources\eu-small-factor-explorer.html
eu-small,MSCI EUR SMALL,new,新扩展,eu_small_ext_country_deleveraging,Country-aware Deleveraging,新扩展 · deleveraging,extension_candidate,0.12218481232403011,0.04112200339489913,0.10672135521413373,6.433612816531556,3.661301942865532,0.7966390344806134,,2007-04-02,2026-07-02,233,1,,在国家与行业同组内寻找负债改善。,国家中性化降低欧洲融资制度差异的干扰，净负债改善则直接约束再融资脆弱性。,C:\GoogleDrive\TP\07_backtest_code\runs\ad_hoc\eu_small_factor_extension_20260711,C:\GoogleDrive\TP\09_reports\factor_explorer_sources\eu-small-factor-explorer.html
eu-small,MSCI EUR SMALL,new,新扩展,eu_small_ext_country_pmom,Country-aware PMOM,新扩展 · pmom,extension_candidate,0.0919958500363407,0.01311379013906011,0.10126458803000338,7.561500931721937,3.0368179433610387,0.986274631786864,,2007-04-02,2026-07-02,233,1,,价格动量在国家与行业同组内作相对确认。,欧洲市场分散在多个国家，同组相对趋势更接近公司特有信息，而不是国家指数方向。,C:\GoogleDrive\TP\07_backtest_code\runs\ad_hoc\eu_small_factor_extension_20260711,C:\GoogleDrive\TP\09_reports\factor_explorer_sources\eu-small-factor-explorer.html
eu-small,MSCI EUR SMALL,new,新扩展,eu_small_ext_residual_momentum_revision,Residual Momentum + Revision,新扩展 · residual_momentum,extension_candidate,0.08997205149384402,0.011236184880604405,0.09233129614816282,5.842083054359295,2.3663146259919605,0.9730780596295318,,2007-04-02,2026-07-02,233,2,,剔除 STOXX 市场共同波动后再观察趋势。,残差动量更接近公司特有信息扩散，Revision 确认可过滤纯 beta 驱动的价格上涨。,C:\GoogleDrive\TP\07_backtest_code\runs\ad_hoc\eu_small_factor_extension_20260711,C:\GoogleDrive\TP\09_reports\factor_explorer_sources\eu-small-factor-explorer.html
eu-small,MSCI EUR SMALL,new,新扩展,eu_small_ext_low_residual_downside_risk,Low Residual Downside Risk,新扩展 · residual_risk,extension_candidate,0.08413159806940218,0.005817623454387411,0.08320795425898742,5.168488743320362,1.838793948323329,0.9832418308785791,,2007-04-02,2026-07-02,233,1,,在基本面改善中约束公司特有下行风险。,残差下行风险用于避免把高 beta 或尾部脆弱性误当作更强的预期回报。,C:\GoogleDrive\TP\07_backtest_code\runs\ad_hoc\eu_small_factor_extension_20260711,C:\GoogleDrive\TP\09_reports\factor_explorer_sources\eu-small-factor-explorer.html
eu-small,MSCI EUR SMALL,new,新扩展,eu_small_ext_low_residual_volatility,Low Residual Volatility,新扩展 · residual_risk,extension_candidate,0.07982690071799614,0.0018238854580865382,0.07520051407637651,4.422741022200974,1.2461933078366139,0.9934600370157239,,2007-04-02,2026-07-02,233,1,,在基本面改善中约束公司特有下行风险。,残差下行风险用于避免把高 beta 或尾部脆弱性误当作更强的预期回报。,C:\GoogleDrive\TP\07_backtest_code\runs\ad_hoc\eu_small_factor_extension_20260711,C:\GoogleDrive\TP\09_reports\factor_explorer_sources\eu-small-factor-explorer.html
eu-small,MSCI EUR SMALL,new,新扩展,eu_small_ext_country_growth_confirmation,Country-aware Growth Confirmation,新扩展 · growth,extension_candidate,0.09013542601372837,0.011387756063569343,0.0625027047437714,3.7395637823101784,1.1802269514067754,0.9716394233012426,,2007-04-02,2026-07-02,233,1,,增长信号需要控制 mega-cap 与行业规模暴露。,sector × size 排序用于判断盈利增长是否来自公司信息，而不是指数集中度和巨头领导。,C:\GoogleDrive\TP\07_backtest_code\runs\ad_hoc\eu_small_factor_extension_20260711,C:\GoogleDrive\TP\09_reports\factor_explorer_sources\eu-small-factor-explorer.html
eu-small,MSCI EUR SMALL,new,新扩展,eu_small_ext_capital_efficient_growth_revision,Capital-efficient Growth + Revision,新扩展 · capital_efficiency,extension_candidate,0.08492889817809535,0.006557329642714604,0.05823692067650943,3.4329240089459163,0.9769561588719342,0.9688088091201766,,2007-04-02,2026-07-02,233,4,,增长需要资本生产率和现金转化共同确认。,欧洲行业结构差异很大；资本效率用于区分可自我融资的增长与依赖持续资本投入的扩张。,C:\GoogleDrive\TP\07_backtest_code\runs\ad_hoc\eu_small_factor_extension_20260711,C:\GoogleDrive\TP\09_reports\factor_explorer_sources\eu-small-factor-explorer.html
eu-small,MSCI EUR SMALL,new,新扩展,eu_small_ext_country_value_improvement,Country-aware Earnings-yield Improvement,新扩展 · value_improvement,extension_candidate,0.07806115832776861,0.00018569296324844053,0.03316686497407395,2.259971916910738,0.11395209747778096,0.9727358974757765,,2007-04-02,2026-07-02,233,1,,估值改善在行业和规模同组内比较。,规模中性化减少 mega-cap 长久期估值对横截面排序的干扰。,C:\GoogleDrive\TP\07_backtest_code\runs\ad_hoc\eu_small_factor_extension_20260711,C:\GoogleDrive\TP\09_reports\factor_explorer_sources\eu-small-factor-explorer.html
eu-small,MSCI EUR SMALL,new,新扩展,eu_small_factor_extension_20260711:eu_small_syn_loo_without_revision,新扩展：full model without revision,新扩展 · 组合模型,leave_one_out,0.15772452941588289,0.0740944543315873,0.25177504819942986,100.7660303419092,52.62578888698742,0.992923464547335,0.2819509064093247,2007-04-02,2026-07-02,233,8,pmom|quality_improvement|deleveraging|value_improvement|quality_level|residual_momentum|residual_risk|value_level,只保留通过主题 Gate、并在组合矩阵中保持较高 Robust 的精简 sleeve。,该组合用于升级欧洲小盘核心：质量改善、静态 ROE、现金流估值和去杠杆共同约束融资脆弱性；LOO 用于删除与 PMOM、残差确认重复的独立主题。,C:\GoogleDrive\TP\07_backtest_code\runs\ad_hoc\eu_small_factor_extension_20260711,C:\GoogleDrive\TP\09_reports\factor_explorer_sources\eu-small-factor-explorer.html
eu-small,MSCI EUR SMALL,new,新扩展,eu_small_factor_extension_20260711:eu_small_syn_loo_without_residual_momentum,新扩展：full model without residual_momentum,新扩展 · 组合模型,leave_one_out,0.1592475467817931,0.0755074525077765,0.2431399364304081,96.96396282141464,50.82000196815749,0.994587616840599,0.2652191864577174,2007-04-02,2026-07-02,233,8,revision|pmom|quality_improvement|deleveraging|value_improvement|quality_level|residual_risk|value_level,只保留通过主题 Gate、并在组合矩阵中保持较高 Robust 的精简 sleeve。,该组合用于升级欧洲小盘核心：质量改善、静态 ROE、现金流估值和去杠杆共同约束融资脆弱性；LOO 用于删除与 PMOM、残差确认重复的独立主题。,C:\GoogleDrive\TP\07_backtest_code\runs\ad_hoc\eu_small_factor_extension_20260711,C:\GoogleDrive\TP\09_reports\factor_explorer_sources\eu-small-factor-explorer.html
eu-small,MSCI EUR SMALL,new,新扩展,eu_small_factor_extension_20260711:eu_small_ext_subset_f05fb2faed38,新扩展：quality_improvement + value_improvement + quality_level,新扩展 · 组合模型,family_subset,0.15762160844250594,0.0739989654469688,0.21329568385329,47.55603414985612,26.083204406029253,0.9660870647153056,0.2933859645847549,2007-04-02,2026-07-02,233,3,quality_improvement|value_improvement|quality_level,只保留通过主题 Gate、并在组合矩阵中保持较高 Robust 的精简 sleeve。,该组合用于升级欧洲小盘核心：质量改善、静态 ROE、现金流估值和去杠杆共同约束融资脆弱性；LOO 用于删除与 PMOM、残差确认重复的独立主题。,C:\GoogleDrive\TP\07_backtest_code\runs\ad_hoc\eu_small_factor_extension_20260711,C:\GoogleDrive\TP\09_reports\factor_explorer_sources\eu-small-factor-explorer.html
eu-small,MSCI EUR SMALL,new,新扩展,eu_small_factor_extension_20260711:eu_small_ext_subset_6f93efffce26,新扩展：quality_improvement + quality_level,新扩展 · 组合模型,family_subset,0.15252642081801504,0.0692718367104254,0.21247607766706533,46.232284741651256,25.0864118171442,0.9670435634633032,0.2054612448052117,2007-04-02,2026-07-02,233,2,quality_improvement|quality_level,只保留通过主题 Gate、并在组合矩阵中保持较高 Robust 的精简 sleeve。,该组合用于升级欧洲小盘核心：质量改善、静态 ROE、现金流估值和去杠杆共同约束融资脆弱性；LOO 用于删除与 PMOM、残差确认重复的独立主题。,C:\GoogleDrive\TP\07_backtest_code\runs\ad_hoc\eu_small_factor_extension_20260711,C:\GoogleDrive\TP\09_reports\factor_explorer_sources\eu-small-factor-explorer.html
eu-small,MSCI EUR SMALL,new,新扩展,eu_small_factor_extension_20260711:eu_small_ext_subset_d2bc34379630,新扩展：quality_improvement + deleveraging + quality_level,新扩展 · 组合模型,family_subset,0.15931956585994267,0.0755742708501998,0.18880896770594902,40.67028041290409,22.75141951655869,0.8273714170179013,0.2494583318406819,2007-04-02,2026-07-02,233,3,quality_improvement|deleveraging|quality_level,只保留通过主题 Gate、并在组合矩阵中保持较高 Robust 的精简 sleeve。,该组合用于升级欧洲小盘核心：质量改善、静态 ROE、现金流估值和去杠杆共同约束融资脆弱性；LOO 用于删除与 PMOM、残差确认重复的独立主题。,C:\GoogleDrive\TP\07_backtest_code\runs\ad_hoc\eu_small_factor_extension_20260711,C:\GoogleDrive\TP\09_reports\factor_explorer_sources\eu-small-factor-explorer.html
eu-small,MSCI EUR SMALL,new,新扩展,eu_small_reldelta_quality_roe_avg_fy0_lag6_score,ROE avg FY0 directional_delta lag6,新扩展 · lag6 relative single,single,0.15118339430833938,0.03374132370521399,0.10384839841633631,5.100112536547086,2.6421114013452396,0.8794189464516229,0.20915148819217502,2010-01-04,2026-07-02,200,1,,该变量先单独通过 official Top/Worst gate。,ROE 改善体现资本回报与资产使用效率上升；directional_delta 衡量同一证券自身水平的有向变化；lag6 对应 6 个 screen observation 的变化窗口。,C:\GoogleDrive\TP\07_backtest_code\runs\ad_hoc\eu_small_relative_lag6_20260725,C:\GoogleDrive\TP\09_reports\factor_explorer_sources\eu-small-factor-explorer.html
eu-small,MSCI EUR SMALL,new,新扩展,eu_small_reldelta_quality_oper_margin_lag6_score,Oper Margin directional_delta lag6,新扩展 · lag6 relative single,single,0.14004423608995764,0.023738566409953643,0.1079285144409372,5.420033259089941,2.451355842474178,0.8857411698835094,0.19742036195258802,2010-01-04,2026-07-02,200,1,,该变量先单独通过 official Top/Worst gate。,经营利润率改善体现定价能力、成本纪律或经营杠杆；directional_delta 衡量同一证券自身水平的有向变化；lag6 对应 6 个 screen observation 的变化窗口。,C:\GoogleDrive\TP\07_backtest_code\runs\ad_hoc\eu_small_relative_lag6_20260725,C:\GoogleDrive\TP\09_reports\factor_explorer_sources\eu-small-factor-explorer.html
eu-small,MSCI EUR SMALL,new,新扩展,eu_small_relrank_quality_roe_avg_fy0_lag6_score,ROE avg FY0 score_delta lag6,新扩展 · lag6 relative single,single,0.14960037722255004,0.032319803324606156,0.09648292544778325,4.567030442240929,2.2903141345236957,0.8794189464516229,0.22790154564301762,2010-01-04,2026-07-02,200,1,,该变量先单独通过 official Top/Worst gate。,ROE 改善体现资本回报与资产使用效率上升；score_delta 衡量同一证券横截面排序的改善，降低量纲和极值影响；lag6 对应 6 个 screen observation 的变化窗口。,C:\GoogleDrive\TP\07_backtest_code\runs\ad_hoc\eu_small_relative_lag6_20260725,C:\GoogleDrive\TP\09_reports\factor_explorer_sources\eu-small-factor-explorer.html
eu-small,MSCI EUR SMALL,new,新扩展,eu_small_relrank_quality_oper_margin_lag6_score,Oper Margin score_delta lag6,新扩展 · lag6 relative single,single,0.14039475625680642,0.024053326447901924,0.09706280672691281,4.607022439822823,2.1003287514132505,0.8857411698835094,0.23436235647741974,2010-01-04,2026-07-02,200,1,,该变量先单独通过 official Top/Worst gate。,经营利润率改善体现定价能力、成本纪律或经营杠杆；score_delta 衡量同一证券横截面排序的改善，降低量纲和极值影响；lag6 对应 6 个 screen observation 的变化窗口。,C:\GoogleDrive\TP\07_backtest_code\runs\ad_hoc\eu_small_relative_lag6_20260725,C:\GoogleDrive\TP\09_reports\factor_explorer_sources\eu-small-factor-explorer.html
eu-small,MSCI EUR SMALL,new,新扩展,eu_small_reldelta_quality_netdebt_to_ebitda_exfin_lag6_score,NetDebt to EBITDA exFIN directional_delta lag6,新扩展 · lag6 relative single,single,0.12380291792885978,0.029969877922250143,0.09763630285843927,2.4787213626336393,0.9106989609111168,0.7508126351151687,0.26196892164965874,2016-10-03,2026-07-02,119,1,,该变量先单独通过 official Top/Worst gate。,净债务负担下降降低再融资和尾部损失风险；directional_delta 衡量同一证券自身水平的有向变化；lag6 对应 6 个 screen observation 的变化窗口。,C:\GoogleDrive\TP\07_backtest_code\runs\ad_hoc\eu_small_relative_lag6_20260725,C:\GoogleDrive\TP\09_reports\factor_explorer_sources\eu-small-factor-explorer.html
eu-small,MSCI EUR SMALL,new,新扩展,eu_small_relrank_quality_netdebt_to_ebitda_exfin_lag6_score,NetDebt to EBITDA exFIN score_delta lag6,新扩展 · lag6 relative single,single,0.1221480158781072,0.02845315206180188,0.091985642492036,2.357144239304752,0.8704233930080415,0.7508126351151687,0.28528140207293373,2016-10-03,2026-07-02,119,1,,该变量先单独通过 official Top/Worst gate。,净债务负担下降降低再融资和尾部损失风险；score_delta 衡量同一证券横截面排序的改善，降低量纲和极值影响；lag6 对应 6 个 screen observation 的变化窗口。,C:\GoogleDrive\TP\07_backtest_code\runs\ad_hoc\eu_small_relative_lag6_20260725,C:\GoogleDrive\TP\09_reports\factor_explorer_sources\eu-small-factor-explorer.html
eu-small,MSCI EUR SMALL,new,新扩展,eu_small_relrank_dividend_dvd_yield_fy1_lag6_score,DVD Yield FY1 score_delta lag6,新扩展 · lag6 relative single,single,0.1338233207748285,0.018152299807046024,0.03772792440493955,1.8416969980334996,0.514476385597609,0.8928410345739304,0.2990680676825546,2010-01-04,2026-07-02,200,1,,该变量先单独通过 official Top/Worst gate。,score_delta 衡量同一证券横截面排序的改善，降低量纲和极值影响；lag6 对应 6 个 screen observation 的变化窗口。,C:\GoogleDrive\TP\07_backtest_code\runs\ad_hoc\eu_small_relative_lag6_20260725,C:\GoogleDrive\TP\09_reports\factor_explorer_sources\eu-small-factor-explorer.html
eu-small,MSCI EUR SMALL,new,新扩展,eu_small_reldelta_dividend_dvd_yield_fy1_lag6_score,DVD Yield FY1 directional_delta lag6,新扩展 · lag6 relative single,single,0.12473875106142285,0.009994524321347953,0.023800689421568988,1.4738490523959575,0.09168676811749092,0.8928410345739304,0.2863024473992146,2010-01-04,2026-07-02,200,1,,该变量先单独通过 official Top/Worst gate。,directional_delta 衡量同一证券自身水平的有向变化；lag6 对应 6 个 screen observation 的变化窗口。,C:\GoogleDrive\TP\07_backtest_code\runs\ad_hoc\eu_small_relative_lag6_20260725,C:\GoogleDrive\TP\09_reports\factor_explorer_sources\eu-small-factor-explorer.html
eu-small,MSCI EUR SMALL,new,新扩展,eu_small_reldelta_value_pb_ltm_lag6_score,PB LTM directional_delta lag6,新扩展 · lag6 relative single,single,0.10781123039272966,0.020706989995098013,0.04177601626462635,1.4599458390465703,0.06496484820926209,0.7950604227257881,0.27358629094084125,2017-04-03,2026-07-02,113,1,,该变量先单独通过 official Top/Worst gate。,经方向统一后的 PB 改善反映估值折价扩大或账面价值确认；directional_delta 衡量同一证券自身水平的有向变化；lag6 对应 6 个 screen observation 的变化窗口。,C:\GoogleDrive\TP\07_backtest_code\runs\ad_hoc\eu_small_relative_lag6_20260725,C:\GoogleDrive\TP\09_reports\factor_explorer_sources\eu-small-factor-explorer.html
eu-small,MSCI EUR SMALL,new,新扩展,eu_small_lag6arch_e8f7b2774d41,Oper Margin directional_delta lag6 + EPS Revision Ratio + PMOM 12M1M,新扩展 · gate-passed architecture,family_subset,0.14374287242098105,0.02705987308117752,0.13034992062622242,7.541971172174625,3.5613819442395775,0.8688508017481376,0.25707838005785105,2010-01-04,2026-07-02,200,3,,所有输入先通过各自证据门槛，再进入固定架构比较。,分析师盈利预期上修反映新信息逐步扩散；中期价格趋势确认市场正在吸收基本面信息；经营利润率改善体现定价能力、成本纪律或经营杠杆；directional_delta 衡量同一证券自身水平的有向变化；lag6 对应 6 个 screen observation 的变化窗口。组合高收益本身不构成协同，仍须以 pair/subset/leave-one-out 和留出期证据判定。,C:\GoogleDrive\TP\07_backtest_code\runs\ad_hoc\eu_small_lag6_anchor_synergy_20260725,C:\GoogleDrive\TP\09_reports\factor_explorer_sources\eu-small-factor-explorer.html
eu-small,MSCI EUR SMALL,new,新扩展,eu_small_lag6arch_4dc20cb72429,ROE avg FY0 directional_delta lag6 + EPS Revision Ratio + PMOM 12M1M,新扩展 · gate-passed architecture,family_subset,0.1555212837199853,0.03763666768003393,0.12189756855682266,6.663956455440745,3.4436024086117305,0.862458590602983,0.2576172228681009,2010-01-04,2026-07-02,200,3,,所有输入先通过各自证据门槛，再进入固定架构比较。,分析师盈利预期上修反映新信息逐步扩散；中期价格趋势确认市场正在吸收基本面信息；ROE 改善体现资本回报与资产使用效率上升；directional_delta 衡量同一证券自身水平的有向变化；lag6 对应 6 个 screen observation 的变化窗口。组合高收益本身不构成协同，仍须以 pair/subset/leave-one-out 和留出期证据判定。,C:\GoogleDrive\TP\07_backtest_code\runs\ad_hoc\eu_small_lag6_anchor_synergy_20260725,C:\GoogleDrive\TP\09_reports\factor_explorer_sources\eu-small-factor-explorer.html
eu-small,MSCI EUR SMALL,new,新扩展,eu_small_lag6arch_74e2b7dc9078,DVD Yield FY1 score_delta lag6 + EPS Revision Ratio + PMOM 12M1M,新扩展 · gate-passed architecture,family_subset,0.15116155631663708,0.03372171344870667,0.12339043874404232,6.811698650838323,3.4106368310339894,0.875040826166073,0.31229958985100476,2010-01-04,2026-07-02,200,3,,所有输入先通过各自证据门槛，再进入固定架构比较。,分析师盈利预期上修反映新信息逐步扩散；中期价格趋势确认市场正在吸收基本面信息；score_delta 衡量同一证券横截面排序的改善，降低量纲和极值影响；lag6 对应 6 个 screen observation 的变化窗口。组合高收益本身不构成协同，仍须以 pair/subset/leave-one-out 和留出期证据判定。,C:\GoogleDrive\TP\07_backtest_code\runs\ad_hoc\eu_small_lag6_anchor_synergy_20260725,C:\GoogleDrive\TP\09_reports\factor_explorer_sources\eu-small-factor-explorer.html
eu-small,MSCI EUR SMALL,new,新扩展,eu_small_lag6arch_9d3f50d9bcae,Oper Margin score_delta lag6 + EPS Revision Ratio + PMOM 12M1M,新扩展 · gate-passed architecture,family_subset,0.1489591700130508,0.03174401106821145,0.12039470974785238,6.518269609239148,3.2085294845796035,0.8688508017481376,0.2626839801564248,2010-01-04,2026-07-02,200,3,,所有输入先通过各自证据门槛，再进入固定架构比较。,分析师盈利预期上修反映新信息逐步扩散；中期价格趋势确认市场正在吸收基本面信息；经营利润率改善体现定价能力、成本纪律或经营杠杆；score_delta 衡量同一证券横截面排序的改善，降低量纲和极值影响；lag6 对应 6 个 screen observation 的变化窗口。组合高收益本身不构成协同，仍须以 pair/subset/leave-one-out 和留出期证据判定。,C:\GoogleDrive\TP\07_backtest_code\runs\ad_hoc\eu_small_lag6_anchor_synergy_20260725,C:\GoogleDrive\TP\09_reports\factor_explorer_sources\eu-small-factor-explorer.html
eu-small,MSCI EUR SMALL,new,新扩展,eu_small_lag6arch_b77ca0398d9f,ROE avg FY0 score_delta lag6 + EPS Revision Ratio + PMOM 12M1M,新扩展 · gate-passed architecture,family_subset,0.15166389823996185,0.03417280715985904,0.11883328527701176,6.3700780394672964,3.1976487580914825,0.862458590602983,0.2626789832910203,2010-01-04,2026-07-02,200,3,,所有输入先通过各自证据门槛，再进入固定架构比较。,分析师盈利预期上修反映新信息逐步扩散；中期价格趋势确认市场正在吸收基本面信息；ROE 改善体现资本回报与资产使用效率上升；score_delta 衡量同一证券横截面排序的改善，降低量纲和极值影响；lag6 对应 6 个 screen observation 的变化窗口。组合高收益本身不构成协同，仍须以 pair/subset/leave-one-out 和留出期证据判定。,C:\GoogleDrive\TP\07_backtest_code\runs\ad_hoc\eu_small_lag6_anchor_synergy_20260725,C:\GoogleDrive\TP\09_reports\factor_explorer_sources\eu-small-factor-explorer.html
eu-small,MSCI EUR SMALL,new,新扩展,eu_small_lag6arch_172e725446bd,Oper Margin directional_delta lag6 + PMOM 12M1M,新扩展 · gate-passed architecture,pair,0.14071182184568953,0.02433804534189643,0.12325922414042334,6.798590820219234,3.1375341427829535,0.8834471281708323,0.2401513146757392,2010-01-04,2026-07-02,200,2,,所有输入先通过各自证据门槛，再进入固定架构比较。,中期价格趋势确认市场正在吸收基本面信息；经营利润率改善体现定价能力、成本纪律或经营杠杆；directional_delta 衡量同一证券自身水平的有向变化；lag6 对应 6 个 screen observation 的变化窗口。组合高收益本身不构成协同，仍须以 pair/subset/leave-one-out 和留出期证据判定。,C:\GoogleDrive\TP\07_backtest_code\runs\ad_hoc\eu_small_lag6_anchor_synergy_20260725,C:\GoogleDrive\TP\09_reports\factor_explorer_sources\eu-small-factor-explorer.html
eu-small,MSCI EUR SMALL,new,新扩展,eu_small_lag6arch_6c9b7b1f0c55,ROE avg FY0 directional_delta lag6 + EPS Revision Ratio,新扩展 · gate-passed architecture,pair,0.15621536781424994,0.038259942460269425,0.10925138044769978,5.527741424095578,2.947756224784673,0.86430160038571,0.28402704855639693,2010-01-04,2026-07-02,200,2,,所有输入先通过各自证据门槛，再进入固定架构比较。,分析师盈利预期上修反映新信息逐步扩散；ROE 改善体现资本回报与资产使用效率上升；directional_delta 衡量同一证券自身水平的有向变化；lag6 对应 6 个 screen observation 的变化窗口。组合高收益本身不构成协同，仍须以 pair/subset/leave-one-out 和留出期证据判定。,C:\GoogleDrive\TP\07_backtest_code\runs\ad_hoc\eu_small_lag6_anchor_synergy_20260725,C:\GoogleDrive\TP\09_reports\factor_explorer_sources\eu-small-factor-explorer.html
eu-small,MSCI EUR SMALL,new,新扩展,eu_small_lag6arch_6812c60096d1,Oper Margin directional_delta lag6 + EPS Revision Ratio,新扩展 · gate-passed architecture,pair,0.14880313058350225,0.03160389065726377,0.11382314986509612,5.915661440018976,2.9355050919422445,0.8709193274958397,0.2800957469686843,2010-01-04,2026-07-02,200,2,,所有输入先通过各自证据门槛，再进入固定架构比较。,分析师盈利预期上修反映新信息逐步扩散；经营利润率改善体现定价能力、成本纪律或经营杠杆；directional_delta 衡量同一证券自身水平的有向变化；lag6 对应 6 个 screen observation 的变化窗口。组合高收益本身不构成协同，仍须以 pair/subset/leave-one-out 和留出期证据判定。,C:\GoogleDrive\TP\07_backtest_code\runs\ad_hoc\eu_small_lag6_anchor_synergy_20260725,C:\GoogleDrive\TP\09_reports\factor_explorer_sources\eu-small-factor-explorer.html
eu-small,MSCI EUR SMALL,new,新扩展,eu_small_lag6arch_eaba0f8ad4aa,DVD Yield FY1 directional_delta lag6 + EPS Revision Ratio + PMOM 12M1M,新扩展 · gate-passed architecture,family_subset,0.14606358341992376,0.029143828061466648,0.11497395537443778,6.017260686996813,2.9147005055157273,0.875040826166073,0.3103748311913255,2010-01-04,2026-07-02,200,3,,所有输入先通过各自证据门槛，再进入固定架构比较。,分析师盈利预期上修反映新信息逐步扩散；中期价格趋势确认市场正在吸收基本面信息；directional_delta 衡量同一证券自身水平的有向变化；lag6 对应 6 个 screen observation 的变化窗口。组合高收益本身不构成协同，仍须以 pair/subset/leave-one-out 和留出期证据判定。,C:\GoogleDrive\TP\07_backtest_code\runs\ad_hoc\eu_small_lag6_anchor_synergy_20260725,C:\GoogleDrive\TP\09_reports\factor_explorer_sources\eu-small-factor-explorer.html
eu-small,MSCI EUR SMALL,new,新扩展,eu_small_lag6arch_6a5eb3d1e418,ROE avg FY0 score_delta lag6 + PMOM 12M1M,新扩展 · gate-passed architecture,pair,0.15086757766208803,0.03345772602171748,0.10780056869362742,5.409721056776802,2.7176521434255116,0.8773504207039209,0.2522350656604845,2010-01-04,2026-07-02,200,2,,所有输入先通过各自证据门槛，再进入固定架构比较。,中期价格趋势确认市场正在吸收基本面信息；ROE 改善体现资本回报与资产使用效率上升；score_delta 衡量同一证券横截面排序的改善，降低量纲和极值影响；lag6 对应 6 个 screen observation 的变化窗口。组合高收益本身不构成协同，仍须以 pair/subset/leave-one-out 和留出期证据判定。,C:\GoogleDrive\TP\07_backtest_code\runs\ad_hoc\eu_small_lag6_anchor_synergy_20260725,C:\GoogleDrive\TP\09_reports\factor_explorer_sources\eu-small-factor-explorer.html
eu-small,MSCI EUR SMALL,new,新扩展,eu_small_lag6arch_f103aa36090a,ROE avg FY0 directional_delta lag6 + PMOM 12M1M,新扩展 · gate-passed architecture,pair,0.1443866014741797,0.027637929569368946,0.11092459515315367,5.666856231566455,2.6326833591761205,0.8773504207039209,0.24445819477581224,2010-01-04,2026-07-02,200,2,,所有输入先通过各自证据门槛，再进入固定架构比较。,中期价格趋势确认市场正在吸收基本面信息；ROE 改善体现资本回报与资产使用效率上升；directional_delta 衡量同一证券自身水平的有向变化；lag6 对应 6 个 screen observation 的变化窗口。组合高收益本身不构成协同，仍须以 pair/subset/leave-one-out 和留出期证据判定。,C:\GoogleDrive\TP\07_backtest_code\runs\ad_hoc\eu_small_lag6_anchor_synergy_20260725,C:\GoogleDrive\TP\09_reports\factor_explorer_sources\eu-small-factor-explorer.html
eu-small,MSCI EUR SMALL,new,新扩展,eu_small_lag6arch_d7f8fe80f7c2,Oper Margin score_delta lag6 + EPS Revision Ratio,新扩展 · gate-passed architecture,pair,0.15195362857220984,0.0344329793007756,0.10310308620118969,5.043623739435111,2.5924033130608604,0.8709193274958397,0.29301171095984246,2010-01-04,2026-07-02,200,2,,所有输入先通过各自证据门槛，再进入固定架构比较。,分析师盈利预期上修反映新信息逐步扩散；经营利润率改善体现定价能力、成本纪律或经营杠杆；score_delta 衡量同一证券横截面排序的改善，降低量纲和极值影响；lag6 对应 6 个 screen observation 的变化窗口。组合高收益本身不构成协同，仍须以 pair/subset/leave-one-out 和留出期证据判定。,C:\GoogleDrive\TP\07_backtest_code\runs\ad_hoc\eu_small_lag6_anchor_synergy_20260725,C:\GoogleDrive\TP\09_reports\factor_explorer_sources\eu-small-factor-explorer.html
