Date,sector_code,leverage,leverage_coverage_n,margin,margin_coverage_n,valuation,valuation_coverage_n,momentum,momentum_coverage_n,growth,growth_coverage_n,lowvol,lowvol_coverage_n,quality_style,quality_style_coverage_n,value_style,value_style_coverage_n,growth_style,growth_style_coverage_n,momentum_style,momentum_style_coverage_n,lowvol_style,lowvol_style_coverage_n,financial_quality_proxy,financial_quality_proxy_coverage_n,financial_value_proxy,financial_value_proxy_coverage_n,finaware_leverage,finaware_leverage_coverage_n,finaware_margin,finaware_margin_coverage_n,finaware_quality,finaware_quality_coverage_n,finaware_valuation,finaware_valuation_coverage_n,fs_sector_pillar_score,fs_sector_pillar_score_coverage_n,fs_sector_factor_score,fs_sector_factor_score_coverage_n,fs_sector_reco_score,fs_sector_reco_score_coverage_n,eu_momentum_revision_score,eu_momentum_revision_score_coverage_n,improvement_quality_signal,improvement_quality_signal_coverage_n,improvement_deleveraging_signal,improvement_deleveraging_signal_coverage_n,improvement_value_signal,improvement_value_signal_coverage_n,improvement_core_signal,improvement_core_signal_coverage_n,sector_weight,constituents,sector_name,score_excel_like_plain,score_excel_like_financial_aware,score_final_screen_only,score_final_fs_sector,score_final_fs_sector_reco_blend,score_final_raw,score_final_raw_rank,score_final_smoothed_6m,score_final_us_improved,score_final,rank,recommendation
2026-06-30,16,5.865454721232918,69.0,7.8847541133633605,69,6.246801072491581,69.0,10.0,69,6.429347587040819,69,3.122074078832641,69,6.395013843902691,69,3.825792519686771,69,6.984440496541635,69,6.56831395076191,69,6.877925773981929,69,7.240667698575814,69,4.522723520057003,69,5.865454721232918,69,7.8847541133633605,69,6.395013843902691,69,6.246801072491581,69,8.062631073696647,69.0,8.062631073696647,69.0,,,7.020936688336532,69,6.623634872108126,67.0,5.112141553661841,67.0,7.236050379413829,67.0,6.323942268394599,67.0,0.4449394261867659,69,Technology,6.59140526216022,6.59140526216022,6.320907458197136,7.191769265946892,,7.191769265946892,10.0,10.0,10.0,10.0,1.0,Positive
2026-06-30,15,4.433749220288157,25.0,4.059130946858728,25,6.118812725778234,25.0,9.984918479939893,25,6.313840758681865,25,4.460575932909685,25,5.770047079967383,25,3.6218383503092966,25,6.989742246112067,25,7.607995978769997,25,5.539424323767794,25,5.366918408352059,25,4.633255261971133,25,4.433749220288157,25,4.059130946858728,25,5.770047079967383,25,6.118812725778234,25,6.547677595628416,25.0,6.547677595628416,25.0,,,6.741480084910874,25,5.5305466317892265,24.0,3.74078588564784,24.0,6.079487448292257,24.0,5.116939988576441,24.0,0.07234403433929353,25,Retail,5.895171344076093,5.895171344076093,5.944429902872809,6.2460537492506125,,6.2460537492506125,8.947368421052632,7.36842105263158,8.026315789473685,8.026315789473685,2.0,Positive
2026-06-30,10,2.3,1.0,4.877660211959458,22,2.850202239190454,18.0,9.987801555936509,22,3.0635776324756914,21,3.989873156699376,22,5.975098291261021,22,6.160157585614249,22,4.680198998329392,22,4.198753067328659,22,6.010126682462007,22,5.022606080984733,22,5.610227855167767,22,5.022606080984733,22,5.022606080984733,22,5.022606080984733,22,5.610227855167767,22,6.004508196721312,22.0,6.004508196721312,22.0,,,4.198677978799273,22,5.605173960306911,22.0,3.5141509433962264,1.0,5.336781973684645,22.0,5.473021716761591,22.0,0.01548456507262261,22,Insurance,4.511519132710248,5.449448727041468,5.3164169680762505,5.660462582398781,,5.660462582398781,7.894736842105264,7.543859649122807,7.7631578947368425,7.7631578947368425,3.0,Positive
2026-06-30,4,6.352474404834513,8.0,4.663447963762454,8,7.865013615568031,8.0,9.96977837968391,8,2.1478730731813087,8,1.0722707880177633,8,4.503506320134018,8,2.68873508913492,8,3.8774355129459708,8,2.8449673862831912,8,8.927729218046382,8,4.6614289837765055,8,4.243853208975115,8,6.352474404834513,8,4.663447963762454,8,4.503506320134018,8,7.865013615568031,8,5.614207650273225,8.0,5.614207650273225,8.0,,,4.113326603089187,8,5.15851129375079,8.0,5.343960473864288,8.0,4.084926606603854,8.0,4.862466124739644,8.0,0.006966608632673394,8,Chemicals,5.345143037507996,5.345143037507996,6.184259967851024,5.899233809062125,,5.899233809062125,8.421052631578947,6.052631578947367,7.5,7.5,4.0,Neutral
2026-06-30,11,5.4106057092913415,13.0,7.354025550236867,13,5.633359543159772,13.0,9.975513162613124,13,6.3531418969649085,13,3.9951086625516146,13,5.101868141658637,13,4.5127277625602344,13,6.805024052922746,13,5.362872255679049,13,6.004891074721499,13,6.0120985364297885,13,4.523702697079172,13,5.4106057092913415,13,7.354025550236867,13,5.101868141658637,13,5.633359543159772,13,5.7377049180327875,13.0,5.7377049180327875,13.0,,,5.249673827065538,13,5.9409365267639185,13.0,6.397887607536073,13.0,6.46013366459493,13.0,6.266319266298305,13.0,0.009783811495886075,13,Media,6.453625754136271,6.453625754136271,5.367613842409204,5.552659380220996,,5.552659380220996,6.842105263157895,7.456140350877193,7.368421052631579,7.368421052631579,5.0,Neutral
2026-06-30,1,1.4849834108254072,5.0,1.7094119333200377,5,8.848291047389607,5.0,10.0,5,8.034554201494826,5,6.839919678355998,5,3.9285400300961326,5,1.2062974564897624,5,5.81129500669072,5,5.519336583293074,5,3.160080033778594,5,2.4549221554650424,5,3.6285684824975903,5,1.4849834108254072,5,1.7094119333200377,5,3.9285400300961326,5,8.848291047389607,5,,,,,,,4.632035129581191,5,4.641732991739794,5.0,2.5154347169974973,5.0,2.57502436771814,5.0,3.244064025485143,5.0,0.0207483801973099,5,Automobiles and Parts,6.152860045230979,6.152860045230979,6.388415538742869,6.388415538742869,,6.388415538742869,9.473684210526315,9.473684210526315,7.2368421052631575,7.2368421052631575,6.0,Neutral
2026-06-30,6,5.0881298516375,3.0,5.150309394301292,30,7.06250993972932,24.0,9.79528256420134,30,4.8417419624429066,30,3.832726596139895,30,5.235495364134056,30,3.6638351128531617,30,5.79416106751545,30,5.015439533748378,30,6.167273507758926,30,5.776216578604571,30,4.703975733354193,30,5.776216578604571,30,5.776216578604571,30,5.776216578604571,30,4.703975733354193,30,6.004508196721312,30.0,6.004508196721312,30.0,,,4.8501214582794665,30,6.002574292114979,30.0,5.507264982048547,3.0,4.566333274529641,30.0,5.2857965304863646,30.0,0.045239246512172065,30,Financial Services,5.961783384742042,5.787693335557912,5.240096155979382,5.622302176350347,,5.622302176350347,7.368421052631579,7.719298245614035,7.2368421052631575,7.2368421052631575,7.0,Neutral
2026-06-30,3,4.100199045616765,7.0,4.399946660146973,7,4.733860039071214,7.0,9.444455763357054,7,5.131153265967108,7,3.9588827950133156,7,5.7115303902141665,7,4.977914128140974,7,4.873300987746097,7,5.380080162271276,7,6.041117289508624,7,5.312992406072841,7,5.128261437785932,7,4.100199045616765,7,4.399946660146973,7,5.7115303902141665,7,4.733860039071214,7,5.614207650273224,7.0,5.614207650273224,7.0,,,5.778351630169644,7,7.714916150789037,7.0,5.995143090550591,7.0,3.376971853769406,7.0,5.69567703170301,7.0,0.005580630326173156,7,Basic Resources,5.294749594862072,5.294749594862072,5.22269521464269,5.418451432457957,,5.418451432457957,5.7894736842105265,2.8947368421052633,6.315789473684211,6.315789473684211,8.0,Neutral
2026-06-30,14,3.9777951410202483,31.0,4.999272063319292,31,6.512809829885612,31.0,10.0,31,5.380703667053881,31,4.289071315629465,31,5.316286176224436,31,3.6370528343477173,31,5.505377533489177,31,5.985602024322724,31,5.7109286499507705,31,5.292662621869439,31,4.595574185878247,31,5.292662621869439,31,5.292662621869439,31,5.292662621869439,31,4.595574185878247,31,6.004508196721311,31.0,6.004508196721311,31.0,,,5.0606169567373565,31,5.071135181251192,31.0,5.936161851769255,31.0,4.4348510020737155,31.0,5.147382678364721,31.0,0.01827455658570767,31,Real Estate,5.859942002818083,5.808445735383412,4.944118403873842,5.474313300297577,,5.474313300297577,6.315789473684211,7.368421052631579,6.184210526315789,6.184210526315789,9.0,Neutral
2026-06-30,2,,,5.539872713337576,13,,,10.0,13,5.059704484823958,13,4.842784615779407,13,4.4023031640174315,13,5.517933290515151,13,6.2560065459083765,13,7.281255362905564,13,5.157215412482989,13,4.4023031640174315,13,5.035404858121358,13,4.4023031640174315,13,4.4023031640174315,13,4.4023031640174315,13,5.035404858121358,13,6.0045081967213125,13.0,6.0045081967213125,13.0,,,6.74446284946334,13,5.649068532782755,13.0,,,6.973759499033896,13.0,6.311414015908325,13.0,0.03403413945962011,13,Banks,6.360590453485235,5.623750047793265,4.718854011069395,5.361681103895354,,5.361681103895354,4.7368421052631575,5.263157894736842,5.921052631578947,5.921052631578947,10.0,Neutral
2026-06-30,12,4.714164251622056,22.0,3.579674033536591,22,4.431878060777734,22.0,9.983180611518826,22,4.9281109636002896,22,4.237852405869969,22,4.793021390936214,22,5.045214388549267,22,4.166797893665152,22,5.5696747337075,22,5.762147580312589,22,4.086954600600269,22,4.994593247395746,22,4.714164251622056,22,3.579674033536591,22,4.793021390936214,22,4.431878060777734,22,5.617076502732241,22.0,5.617076502732241,22.0,,,6.3750192013154905,22,4.2658335790220505,22.0,5.201332104744081,22.0,8.306705336897739,22.0,5.924623673554624,22.0,0.030212623541697205,22,Energy,5.312476721154244,5.312476721154244,4.612449725856974,5.1147631142946075,,5.1147631142946075,4.2105263157894735,2.7192982456140347,5.2631578947368425,5.2631578947368425,11.0,Neutral
2026-06-30,18,6.3137333769299415,21.0,7.251623488450888,21,6.347834128862527,21.0,9.991968153755227,21,5.6334683164048265,21,4.086767312012252,21,5.145645706419808,21,3.7565614333050403,21,6.089186612062207,21,4.735724179366194,21,5.91323259433803,21,6.375302547825601,21,4.658131361862638,21,6.3137333769299415,21,7.251623488450888,21,5.145645706419808,21,6.347834128862527,21,5.063934426229508,21.0,5.063934426229508,21.0,,,4.075491714222856,21,4.752401644651909,20.0,6.503630771737211,20.0,2.701797760520512,20.0,4.652610058969877,20.0,0.01750870178211581,21,Travel and Leisure,6.604232462735943,6.604232462735943,5.746739917641167,5.405337171935338,,5.405337171935338,5.263157894736842,5.263157894736842,4.7368421052631575,4.7368421052631575,12.0,Neutral
2026-06-30,8,5.832445531698068,50.0,6.258829791414974,56,5.96569159183486,56.0,9.847181929110084,56,5.34168830609177,56,4.665401334209511,56,5.483399605773327,56,4.183911542036843,56,5.4803426701889855,56,6.129309073092138,56,5.334598640059633,56,6.070120834146408,56,4.789887718686493,56,5.832445531698068,50,6.258829791414974,56,5.483399605773327,56,5.96569159183486,56,4.36775956284153,56.0,4.36775956284153,56.0,,,5.536717801996439,56,4.647237811573552,55.0,4.838059032585592,49.0,4.57028153710126,55.0,4.684904998335641,55.0,0.08625533410453752,56,Health Care,6.318539747393211,6.318539747393211,5.724545598804093,5.046152580822811,,5.046152580822811,3.6842105263157894,5.438596491228069,3.6842105263157894,3.6842105263157894,13.0,Neutral
2026-06-30,13,5.114180584780385,16.0,7.031428452258372,17,7.074286602923279,17.0,9.937473622972584,17,2.8396297274720923,17,2.8007733703439563,17,5.874030957638031,17,3.6103610615614805,17,3.9055897467187686,17,2.4629742439573947,17,7.199226349846156,17,6.557850727666212,17,4.5757875055779005,17,5.114180584780385,16,7.031428452258372,17,5.874030957638031,17,7.074286602923279,17,3.5015027322404366,17.0,3.5015027322404366,17.0,,,2.3363248138632104,17,3.1106495802270526,17.0,5.281845836122676,16.0,3.2019116588960963,17.0,3.9460704617142195,17.0,0.011870177655671133,17,Personal & Household Goods,5.799628726791778,5.799628726791778,6.474158780280655,4.987830756260546,,4.987830756260546,3.1578947368421053,3.0701754385964914,2.763157894736842,2.763157894736842,14.0,Neutral
2026-06-30,17,4.513466090873869,11.0,5.841388410052518,11,6.119056202976628,11.0,9.96418094105453,11,5.654410699029106,11,5.361366313807722,11,5.409045845614677,11,3.991596055882208,11,5.27802271477472,11,6.772520926728874,11,4.63863350931545,11,5.44831640808451,11,4.588746559117298,11,4.513466090873869,11,5.841388410052518,11,5.409045845614677,11,6.119056202976628,11,3.833333333333334,11.0,3.833333333333334,11.0,,,6.756739017720736,11,4.91977367812779,11.0,4.752189845517401,11.0,6.017420463126332,11.0,5.2297946622571745,11.0,0.02060289759662759,11,Telecommunications,6.242311442965729,6.242311442965729,5.764051024295652,4.798692178814493,,4.798692178814493,1.5789473684210527,3.4210526315789473,2.763157894736842,2.763157894736842,15.0,Neutral
2026-06-30,7,6.739009217952515,20.0,7.670949211403151,20,7.51525640224094,20.0,10.0,20,4.790255098881409,20,4.545465186529193,20,4.890801063188365,20,3.043175041023614,20,5.264188987584827,20,6.004772644626896,20,5.454534650196766,20,6.28775678595194,20,4.127895328849097,20,6.739009217952515,20,7.670949211403151,20,4.890801063188365,20,7.51525640224094,20,3.5015027322404366,20.0,3.5015027322404366,20.0,,,5.500610176044345,20,4.569589222555618,20.0,5.05819298917488,20.0,4.744066345196408,20.0,4.7906161856423015,20.0,0.020795362157530247,20,"Food, Beverage and Tobacco",6.876822519501201,6.876822519501201,6.203028732714653,4.8522657324775444,,4.8522657324775444,2.1052631578947367,2.456140350877193,2.6315789473684212,2.6315789473684212,16.0,Neutral
2026-06-30,9,4.967172918506102,86.0,5.444056233106755,88,6.561218475662806,87.0,9.918176544160637,90,5.915134336129674,89,4.029883351789581,89,5.486561646214213,88,3.6003863647117513,90,6.094888309232257,89,5.909789845553365,90,5.97011669284758,89,5.947230418567228,88,4.5929625433687145,90,4.967172918506102,86,5.444056233106755,88,5.486561646214213,88,6.561218475662806,87,3.682650273224044,90.0,3.682650273224044,90.0,,,5.593945957365983,90,4.914571122826043,86.0,4.019085145860562,84.0,4.896345245764274,86.0,4.588889976825184,86.0,0.10695530580162038,90,Industrial Goods and Services,6.139273643225926,6.139273643225926,6.023890060938509,4.853270167081277,,4.853270167081277,2.631578947368421,3.3333333333333335,2.631578947368421,2.631578947368421,17.0,Negative
2026-06-30,5,5.004156448389979,10.0,3.6287490638392814,10,6.54029709141759,10.0,10.0,10,6.250252373112642,10,5.727371836257118,10,5.27571373491625,10,3.364504339831668,10,6.633867003718089,10,6.136926725160679,10,4.272628045417134,10,4.7266037104017915,10,4.571220860326847,10,5.004156448389979,10,3.6287490638392814,10,5.27571373491625,10,6.54029709141759,10,3.6826502732240436,10.0,3.6826502732240436,10.0,,,5.763550556516513,10,4.0695999346379566,10.0,4.208731946521804,10.0,5.025828199803867,10.0,4.434720026987876,10.0,0.008507753939901367,10,Construction and Materials,6.191804468836101,6.191804468836101,5.90800541316692,4.795327843195482,,4.795327843195482,1.0526315789473684,2.280701754385965,1.3157894736842106,1.3157894736842106,18.0,Negative
2026-06-30,19,6.174643185935046,33.0,5.427209716909978,33,5.516026477634919,33.0,10.0,33,5.458413542092702,33,5.117071684729779,33,4.893839869357971,33,4.774608656819089,33,5.660069250417601,33,5.110676245162748,33,4.882928376661806,33,5.442174672749608,33,4.883945144233187,33,6.174643185935046,33,5.427209716909978,33,4.893839869357971,33,5.516026477634919,33,3.4401639344262294,33.0,3.4401639344262294,33.0,,,4.5255100572938485,33,3.896136971639959,33.0,3.6643051319614153,33.0,3.8733471181987453,33.0,3.8112630739333735,33.0,0.023896444612074325,33,Utilities,6.282227434550404,6.282227434550404,5.204933173496445,4.3225485539613375,,4.3225485539613375,0.5263157894736842,0.8771929824561403,0.6578947368421053,0.6578947368421053,19.0,Negative
