market,candidate,period,evidence_type,months,active_annualized_return,relative_annualized_return,active_sharpe,active_newey_west_t,active_hit_rate,active_max_drawdown,mean_one_way_turnover,net_active_ann_at_10bps,full_sample_mean_ic,full_sample_top_bottom_ann
EU,baseline_raw,discovery_2010_2017,canonical_exact_sector_tilt,96,0.00980141532148493,0.009880408609990843,0.6434216874234601,2.297564660384716,0.5833333333333334,-0.01879697684166337,0.09396948358364177,0.008673781518481229,0.04721702733992341,0.10912002629609519
EU,baseline_raw,validation_2018_2021,canonical_exact_sector_tilt,48,0.011520239050567094,0.01207082504394541,0.7218646934394715,1.7889913121385774,0.5416666666666666,-0.013119725122588077,0.09396948358364177,0.010392605247563393,0.04721702733992341,0.10912002629609519
EU,baseline_raw,holdout_2022_latest,canonical_exact_sector_tilt,53,0.01697711487642728,0.01679384562957753,0.8553597438514119,2.29573252705212,0.6226415094339622,-0.02729106351223609,0.09396948358364177,0.01584948107342358,0.04721702733992341,0.10912002629609519
EU,baseline_raw,recent_2024_latest,canonical_exact_sector_tilt,29,0.00913321315773552,0.00923999870626413,0.41871501549197854,0.8857030104126504,0.4827586206896552,-0.02729106351223609,0.09396948358364177,0.008005579354731819,0.04721702733992341,0.10912002629609519
EU,baseline_raw,full_period,canonical_exact_sector_tilt,197,0.012146268561911366,0.012269981482329939,0.7276768839653651,3.663246833901174,0.583756345177665,-0.027291063512236202,0.09396948358364177,0.011018634758907665,0.04721702733992341,0.10912002629609519
EU,smooth_2m,discovery_2010_2017,canonical_exact_sector_tilt,96,0.008310817732555487,0.008260882424531157,0.5466550504366857,1.781372403756654,0.5416666666666666,-0.02297890198639485,0.08639423384400435,0.007274086926427434,0.04708799100724791,0.10599321887825441
EU,smooth_2m,validation_2018_2021,canonical_exact_sector_tilt,48,0.0063234998721346525,0.00726643428163154,0.3681219700060352,0.7586076428768022,0.5416666666666666,-0.025768642680862208,0.08639423384400435,0.0052867690660066,0.04708799100724791,0.10599321887825441
EU,smooth_2m,holdout_2022_latest,canonical_exact_sector_tilt,53,0.023912402076315065,0.023541355786493634,1.1139760275328887,2.8638177211231612,0.6415094339622641,-0.026833936395738167,0.08639423384400435,0.022875671270187012,0.04708799100724791,0.10599321887825441
EU,smooth_2m,recent_2024_latest,canonical_exact_sector_tilt,29,0.018803616184017713,0.01873514189920744,0.7894182408418282,1.6012775316979635,0.5517241379310345,-0.026833936395738167,0.08639423384400435,0.01776688537788966,0.04708799100724791,0.10599321887825441
EU,smooth_2m,full_period,canonical_exact_sector_tilt,197,0.011998084560537192,0.012105923690508558,0.6818540645379705,3.0348968640586795,0.5685279187817259,-0.04232326003322229,0.08639423384400435,0.01096135375440914,0.04708799100724791,0.10599321887825441
EU,smooth_3m,discovery_2010_2017,canonical_exact_sector_tilt,96,0.008293229204952457,0.008163409570387525,0.5144505165450122,1.8804838214364803,0.5416666666666666,-0.020881331568649242,0.08084464903463807,0.0073230934165368,0.054008230503667765,0.09843822820405523
EU,smooth_3m,validation_2018_2021,canonical_exact_sector_tilt,48,0.008597353384785844,0.009239432535109726,0.5624738248277996,1.154261544139511,0.5625,-0.01948073781223192,0.08084464903463807,0.007627217596370187,0.054008230503667765,0.09843822820405523
EU,smooth_3m,holdout_2022_latest,canonical_exact_sector_tilt,53,0.021471660783346058,0.02103037055594159,0.973883695225047,2.8223314721641577,0.6226415094339622,-0.02620194554410815,0.08084464903463807,0.020501524994930402,0.054008230503667765,0.09843822820405523
EU,smooth_3m,recent_2024_latest,canonical_exact_sector_tilt,29,0.020280514811059858,0.02009931023276823,0.8769947317930334,1.8649118023030384,0.5862068965517241,-0.02620194554410815,0.08084464903463807,0.0193103790226442,0.054008230503667765,0.09843822820405523
EU,smooth_3m,full_period,canonical_exact_sector_tilt,197,0.011896238109262214,0.01187201809187477,0.6721049586310628,3.333823274147126,0.5685279187817259,-0.02620194554410815,0.08084464903463807,0.010926102320846558,0.054008230503667765,0.09843822820405523
EU,smooth_6m,discovery_2010_2017,canonical_exact_sector_tilt,96,0.009286967273473667,0.009166237618437822,0.5348778697396291,1.8537229452216062,0.5625,-0.022464403381987186,0.06809835471693612,0.008469787016870433,0.06228865415267362,0.09376403493298713
EU,smooth_6m,validation_2018_2021,canonical_exact_sector_tilt,48,0.012755994489143108,0.013811650440855638,0.6997419320229217,1.3175299822037865,0.5416666666666666,-0.018015252291808337,0.06809835471693612,0.011938814232539873,0.06228865415267362,0.09376403493298713
EU,smooth_6m,holdout_2022_latest,canonical_exact_sector_tilt,53,0.019387931568164207,0.019434374020235845,1.0655527074601943,2.8280534667507427,0.660377358490566,-0.024445180014827983,0.06809835471693612,0.018570751311560975,0.06228865415267362,0.09376403493298713
EU,smooth_6m,recent_2024_latest,canonical_exact_sector_tilt,29,0.020065727198545602,0.02008611495842505,1.018231446902147,2.110710690976392,0.6896551724137931,-0.02444518001482776,0.06809835471693612,0.01924854694194237,0.06228865415267362,0.09376403493298713
EU,smooth_6m,full_period,canonical_exact_sector_tilt,197,0.012841015948109602,0.013051511815659333,0.7228191467994121,3.3008915882522762,0.583756345177665,-0.02444518001482776,0.06809835471693612,0.012023835691506368,0.06228865415267362,0.09376403493298713
EU,ema_3m,discovery_2010_2017,canonical_exact_sector_tilt,96,0.008151912844188258,0.007994295100893556,0.5114382636220881,1.7488459493556854,0.5520833333333334,-0.02434504426673023,0.0813578577250634,0.007175618551487497,0.0496773788305539,0.09874106506751512
EU,ema_3m,validation_2018_2021,canonical_exact_sector_tilt,48,0.007767460943907123,0.008696503209603579,0.4464020980694994,0.978458408735722,0.5416666666666666,-0.02447064720245895,0.0813578577250634,0.006791166651206362,0.0496773788305539,0.09874106506751512
EU,ema_3m,holdout_2022_latest,canonical_exact_sector_tilt,53,0.020910091464958702,0.020640906558648142,0.957285370905227,2.579823167454387,0.660377358490566,-0.02450126482214443,0.0813578577250634,0.01993379717225794,0.0496773788305539,0.09874106506751512
EU,ema_3m,recent_2024_latest,canonical_exact_sector_tilt,29,0.02084442336277159,0.020564738188081133,0.9195274371410128,1.9035821482017847,0.6206896551724138,-0.02450126482214443,0.0813578577250634,0.01986812907007083,0.0496773788305539,0.09874106506751512
EU,ema_3m,full_period,canonical_exact_sector_tilt,197,0.01147455108285178,0.011552819516695623,0.6366050594069244,3.042142740228353,0.5786802030456852,-0.03751588452673171,0.0813578577250634,0.01049825679015102,0.0496773788305539,0.09874106506751512
EU,ema_6m,discovery_2010_2017,canonical_exact_sector_tilt,96,0.009842600924352407,0.00970442577006958,0.5712440888574599,1.972922670520899,0.5729166666666666,-0.022481016016694833,0.07063113251981407,0.008995027334114638,0.05633627215246237,0.09115604654897314
EU,ema_6m,validation_2018_2021,canonical_exact_sector_tilt,48,0.009590760406276821,0.010752637066641979,0.5233870016129688,1.087423830999365,0.5625,-0.02172278781826298,0.07063113251981407,0.008743186816039052,0.05633627215246237,0.09115604654897314
EU,ema_6m,holdout_2022_latest,canonical_exact_sector_tilt,53,0.016997808376876034,0.017145673539919803,0.8326006383938727,2.211770190880751,0.6792452830188679,-0.02255399110721812,0.07063113251981407,0.016150234786638264,0.05633627215246237,0.09115604654897314
EU,ema_6m,recent_2024_latest,canonical_exact_sector_tilt,29,0.02143528662688876,0.02146266086920856,1.0131440754806493,2.005291165625761,0.6896551724137931,-0.02255399110721812,0.07063113251981407,0.020587713036650992,0.05633627215246237,0.09115604654897314
EU,ema_6m,full_period,canonical_exact_sector_tilt,197,0.011701156614239538,0.011956822717506421,0.6384812556887136,3.062337907968334,0.5989847715736041,-0.022553991107218008,0.07063113251981407,0.01085358302400177,0.05633627215246237,0.09115604654897314
EU,trend_12_1,discovery_2010_2017,canonical_exact_sector_tilt,84,0.008394659868538046,0.00883219628779508,0.45829255816716635,1.4760674092557433,0.5357142857142857,-0.02521081762950461,0.09220682752608825,0.007288177938224987,0.034490279753437644,0.05182806437613596
EU,trend_12_1,validation_2018_2021,canonical_exact_sector_tilt,48,0.0004856051398987038,0.0017548885194385022,0.036079041149583144,0.07263926618497092,0.5416666666666666,-0.03638237756483287,0.09220682752608825,-0.0006208767904143553,0.034490279753437644,0.05182806437613596
EU,trend_12_1,holdout_2022_latest,canonical_exact_sector_tilt,53,0.006097760856339285,0.006170158692803573,0.3847297763089297,0.8323502966294035,0.6792452830188679,-0.03469841813153052,0.09220682752608825,0.004991278926026226,0.034490279753437644,0.05182806437613596
EU,trend_12_1,recent_2024_latest,canonical_exact_sector_tilt,29,0.0009540089427242382,0.0014256977719848685,0.06089218973009433,0.10143098022642104,0.6896551724137931,-0.028570927496139764,0.09220682752608825,-0.0001524729875888209,0.034490279753437644,0.05182806437613596
EU,trend_12_1,full_period,canonical_exact_sector_tilt,185,0.005679372218297063,0.0062291687394755435,0.3298915508069593,1.4144130501053012,0.5783783783783784,-0.03710493728340725,0.09220682752608825,0.004572890287984004,0.034490279753437644,0.05182806437613596
EU,trend_multi,discovery_2010_2017,canonical_exact_sector_tilt,93,0.0028032320291904167,0.003527126884053766,0.16689822306236154,0.642877716546781,0.5376344086021505,-0.021898310137608346,0.11588802177095463,0.0014125757679389612,0.020040584991221466,-0.008343854404729067
EU,trend_multi,validation_2018_2021,canonical_exact_sector_tilt,48,-0.006834047991669867,-0.0062669985785481774,-0.35891308459867943,-0.77624560737055,0.4583333333333333,-0.033729317724816466,0.11588802177095463,-0.008224704252921322,0.020040584991221466,-0.008343854404729067
EU,trend_multi,holdout_2022_latest,canonical_exact_sector_tilt,53,0.0017929225770485502,0.0021705247507519676,0.10723172130251112,0.2639315845947296,0.5283018867924528,-0.034144751398927364,0.11588802177095463,0.0004022663157970947,0.020040584991221466,-0.008343854404729067
EU,trend_multi,recent_2024_latest,canonical_exact_sector_tilt,29,0.000845394795007115,0.001086292271722522,0.04935018965663421,0.08709612396291785,0.5172413793103449,-0.027339963478136386,0.11588802177095463,-0.0005452614662443405,0.020040584991221466,-0.008343854404729067
EU,trend_multi,full_period,canonical_exact_sector_tilt,194,0.00013462417600496046,0.0007249859677989079,0.016454157367062336,0.08006727442725375,0.5154639175257731,-0.04918976624302496,0.11588802177095463,-0.001256032085246495,0.020040584991221466,-0.008343854404729067
EU,baseline_75_trend_25,discovery_2010_2017,canonical_exact_sector_tilt,93,0.007500580171182936,0.0076699639624353555,0.4674034943519685,1.4913605241954262,0.5376344086021505,-0.02582941122897242,0.0960206891675845,0.006348331901171921,0.041282147650913883,0.09019661976010784
EU,baseline_75_trend_25,validation_2018_2021,canonical_exact_sector_tilt,48,0.008800024267822115,0.009402759091992063,0.5450272103392918,1.2580691013041683,0.5,-0.01257916641926704,0.0960206891675845,0.007647775997811101,0.041282147650913883,0.09019661976010784
EU,baseline_75_trend_25,holdout_2022_latest,canonical_exact_sector_tilt,53,0.014962874926188308,0.014805331491388296,0.7639426033348464,2.3505028733381135,0.6415094339622641,-0.027231450028605386,0.0960206891675845,0.013810626656177294,0.041282147650913883,0.09019661976010784
EU,baseline_75_trend_25,recent_2024_latest,canonical_exact_sector_tilt,29,0.010322718634977912,0.010361881555501995,0.4554883833364585,1.0996775110014976,0.4827586206896552,-0.027231450028605275,0.0960206891675845,0.009170470364966899,0.041282147650913883,0.09019661976010784
EU,baseline_75_trend_25,full_period,canonical_exact_sector_tilt,194,0.009855788812421107,0.010043603486500574,0.5783491404840496,2.8383901827580496,0.5567010309278351,-0.027231450028605275,0.0960206891675845,0.008703540542410093,0.041282147650913883,0.09019661976010784
EU,quality_improvement,discovery_2010_2017,canonical_exact_sector_tilt,93,0.006867264947087781,0.006647856896033311,0.4538597404598084,1.386328774183891,0.45161290322580644,-0.021887686505592252,0.1047922627043695,0.005609757794635347,0.054467353951890035,0.0691604406955828
EU,quality_improvement,validation_2018_2021,canonical_exact_sector_tilt,48,0.013900588861739394,0.014989136045833407,0.7397852736368428,1.7380423876415396,0.5833333333333334,-0.011335399322854212,0.1047922627043695,0.01264308170928696,0.054467353951890035,0.0691604406955828
EU,quality_improvement,holdout_2022_latest,canonical_exact_sector_tilt,53,0.0018228776543509628,0.00212588528368185,0.11567557516265076,0.24094322682486094,0.5283018867924528,-0.0329749522250774,0.1047922627043695,0.0005653705018985285,0.054467353951890035,0.0691604406955828
EU,quality_improvement,recent_2024_latest,canonical_exact_sector_tilt,29,0.006848227355863434,0.006906516148628361,0.529825852446093,1.0380651888742152,0.5172413793103449,-0.007984277391827055,0.1047922627043695,0.005590720203411,0.054467353951890035,0.0691604406955828
EU,quality_improvement,full_period,canonical_exact_sector_tilt,194,0.007219911207500429,0.0074653395496355746,0.43958302649280223,1.833946728669496,0.5051546391752577,-0.03297495222507718,0.1047922627043695,0.005962404055047995,0.054467353951890035,0.0691604406955828
EU,improvement_core,discovery_2010_2017,canonical_exact_sector_tilt,93,0.006478976388559099,0.006395933851610858,0.4207379193528842,1.1102273946754766,0.5698924731182796,-0.03405125020342892,0.122513848992594,0.005008810200647971,0.03207632483270031,0.02291555534251466
EU,improvement_core,validation_2018_2021,canonical_exact_sector_tilt,48,0.01378705350395304,0.014507979244511526,0.8900205232150987,1.9182683166084071,0.5416666666666666,-0.01123760985708444,0.122513848992594,0.012316887316041912,0.03207632483270031,0.02291555534251466
EU,improvement_core,holdout_2022_latest,canonical_exact_sector_tilt,53,-0.012325196623626744,-0.012497681245111969,-0.5546243030069298,-1.2890234494575137,0.5094339622641509,-0.04830692489721755,0.122513848992594,-0.013795362811537872,0.03207632483270031,0.02291555534251466
EU,improvement_core,recent_2024_latest,canonical_exact_sector_tilt,29,-0.01405289591133807,-0.014332088279026212,-0.6678304043867901,-1.1852941827288308,0.5172413793103449,-0.04050314341391681,0.122513848992594,-0.015523062099249198,0.03207632483270031,0.02291555534251466
EU,improvement_core,full_period,canonical_exact_sector_tilt,194,0.0031004919972748013,0.003189387028371904,0.1838085366783416,0.7668347317627365,0.5463917525773195,-0.05330142990788722,0.122513848992594,0.0016303258093636733,0.03207632483270031,0.02291555534251466
EU,revision_sleeve,discovery_2010_2017,canonical_exact_sector_tilt,96,0.00622708818482165,0.006461273980112425,0.37900628719835466,1.3415908223562396,0.53125,-0.02183007692042782,0.10251934104538514,0.004996856092277028,0.03568438863656603,0.05115253342451931
EU,revision_sleeve,validation_2018_2021,canonical_exact_sector_tilt,48,0.015579081686693197,0.015564913262612778,0.9200686440952088,1.9702913116798155,0.6666666666666666,-0.016348794296864533,0.10251934104538514,0.014348849594148574,0.03568438863656603,0.05115253342451931
EU,revision_sleeve,holdout_2022_latest,canonical_exact_sector_tilt,53,-0.0004904336410471721,-0.0005526516487289745,-0.011362035574318414,-0.029871834551631393,0.5471698113207547,-0.02984434110342704,0.10251934104538514,-0.001720665733591794,0.03568438863656603,0.05115253342451931
EU,revision_sleeve,recent_2024_latest,canonical_exact_sector_tilt,29,-0.005773674166504428,-0.005706137202496464,-0.230450221306376,-0.4636673355348897,0.5172413793103449,-0.02976477382330489,0.10251934104538514,-0.007003906259049049,0.03568438863656603,0.05115253342451931
EU,revision_sleeve,full_period,canonical_exact_sector_tilt,197,0.006682013793093411,0.006775895996009362,0.3720681082114071,1.815177176161165,0.5685279187817259,-0.02984434110342682,0.10251934104538514,0.005451781700548789,0.03568438863656603,0.05115253342451931
EU,baseline_75_core_25,discovery_2010_2017,canonical_exact_sector_tilt,93,0.009083733536172645,0.009210762934348748,0.5791853824735463,1.872149976632412,0.5698924731182796,-0.020820993545002664,0.10601198586877478,0.007811589705747348,0.04576014656226711,0.09410302031557949
EU,baseline_75_core_25,validation_2018_2021,canonical_exact_sector_tilt,48,0.012258408651593333,0.013268888996986306,0.7178157230040243,1.4102617225131888,0.5625,-0.016443105452600082,0.10601198586877478,0.010986264821168035,0.04576014656226711,0.09410302031557949
EU,baseline_75_core_25,holdout_2022_latest,canonical_exact_sector_tilt,53,0.012345335467655039,0.012163293699152034,0.5442774623773482,1.4822007859287536,0.6415094339622641,-0.029942199182732443,0.10601198586877478,0.01107319163722974,0.04576014656226711,0.09410302031557949
EU,baseline_75_core_25,recent_2024_latest,canonical_exact_sector_tilt,29,0.00033554820798364915,9.471959052120837e-05,0.02551572244653716,0.06643260981426495,0.5517241379310345,-0.029942199182732332,0.10601198586877478,-0.0009365956224416481,0.04576014656226711,0.09410302031557949
EU,baseline_75_core_25,full_period,canonical_exact_sector_tilt,194,0.010758995460786291,0.011019883222548765,0.5944244930654299,2.7098683085190665,0.5876288659793815,-0.03073902089337499,0.10601198586877478,0.009486851630360994,0.04576014656226711,0.09410302031557949
EU,baseline_50_core_50,discovery_2010_2017,canonical_exact_sector_tilt,93,0.0056447323273769445,0.005731336579813728,0.3692660229920632,1.1351208093434566,0.5483870967741935,-0.025559225729383517,0.11250164923448548,0.004294712536563119,0.044286694322847334,0.06355157540448864
EU,baseline_50_core_50,validation_2018_2021,canonical_exact_sector_tilt,48,0.01685009984500052,0.017479012532548133,1.03504689659772,2.3979769671008415,0.625,-0.011512199362396003,0.11250164923448548,0.015500080054186696,0.044286694322847334,0.06355157540448864
EU,baseline_50_core_50,holdout_2022_latest,canonical_exact_sector_tilt,53,0.007088167151611868,0.006762906375101574,0.32540303253795433,0.9196729436859246,0.5660377358490566,-0.02860785906280372,0.11250164923448548,0.005738147360798042,0.044286694322847334,0.06355157540448864
EU,baseline_50_core_50,recent_2024_latest,canonical_exact_sector_tilt,29,0.003169623134530841,0.0028587621633884286,0.14146336939482945,0.3824585077433541,0.4827586206896552,-0.02860785906280383,0.11250164923448548,0.0018196033437170153,0.044286694322847334,0.06355157540448864
EU,baseline_50_core_50,full_period,canonical_exact_sector_tilt,194,0.008800862132652076,0.008907815155502208,0.5004235763427572,2.4494230059581192,0.5721649484536082,-0.02860785906280372,0.11250164923448548,0.0074508423418382505,0.044286694322847334,0.06355157540448864
EU,rotation_12m_two_sleeve,discovery_2010_2017,canonical_exact_sector_tilt,96,0.010804043251201989,0.010738828052696547,0.7074616100431774,2.4198288865863127,0.5833333333333334,-0.01713185031100828,0.10755609693359637,0.009513370087998832,0.018202867575028946,0.06417515269784069
EU,rotation_12m_two_sleeve,validation_2018_2021,canonical_exact_sector_tilt,48,0.0007059237391702222,0.001168898816203523,0.0551775812577112,0.12899343867677335,0.4166666666666667,-0.024162163325398223,0.10755609693359637,-0.0005847494240329343,0.018202867575028946,0.06417515269784069
EU,rotation_12m_two_sleeve,holdout_2022_latest,canonical_exact_sector_tilt,53,0.008804966079925647,0.008724734572133297,0.42789280458432166,1.0960421993262985,0.6226415094339622,-0.02729106351223609,0.10755609693359637,0.00751429291672249,0.018202867575028946,0.06417515269784069
EU,rotation_12m_two_sleeve,recent_2024_latest,canonical_exact_sector_tilt,29,0.0012959261453475701,0.0013831016101901739,0.06869882161532109,0.15274940704210224,0.5172413793103449,-0.02729106351223609,0.10755609693359637,5.252982144413618e-06,0.018202867575028946,0.06417515269784069
EU,rotation_12m_two_sleeve,full_period,canonical_exact_sector_tilt,197,0.007797340441600742,0.007857670566846275,0.46889708786040757,2.255930127910742,0.5532994923857868,-0.03166912275448064,0.10755609693359637,0.006506667278397585,0.018202867575028946,0.06417515269784069
EU,rotation_24m_two_sleeve,discovery_2010_2017,canonical_exact_sector_tilt,96,0.007183869708922819,0.007216986706230166,0.45265025825323035,1.6460286053761628,0.5625,-0.01879697684166337,0.10405138122926769,0.005935253134171607,0.02641375011131891,0.06763771456135026
EU,rotation_24m_two_sleeve,validation_2018_2021,canonical_exact_sector_tilt,48,0.006294369654426202,0.006714278858015232,0.42178259564569726,1.0160990408117228,0.4791666666666667,-0.013765503691801073,0.10405138122926769,0.00504575307967499,0.02641375011131891,0.06763771456135026
EU,rotation_24m_two_sleeve,holdout_2022_latest,canonical_exact_sector_tilt,53,0.013117824666630806,0.013047645962333654,0.6355476742159675,1.6364900577747747,0.6037735849056604,-0.02729106351223609,0.10405138122926769,0.011869208091879593,0.02641375011131891,0.06763771456135026
EU,rotation_24m_two_sleeve,recent_2024_latest,canonical_exact_sector_tilt,29,0.00913321315773552,0.00923999870626413,0.41871501549197854,0.8857030104126504,0.4827586206896552,-0.02729106351223609,0.10405138122926769,0.007884596582984307,0.02641375011131891,0.06763771456135026
EU,rotation_24m_two_sleeve,full_period,canonical_exact_sector_tilt,197,0.008559742171718732,0.00865963269981207,0.5035616148057324,2.5179466951937437,0.5532994923857868,-0.02729106351223609,0.10405138122926769,0.00731112559696752,0.02641375011131891,0.06763771456135026
EU,rotation_12m_three_sleeve,discovery_2010_2017,canonical_exact_sector_tilt,96,0.011008765031413237,0.010948762521274302,0.7216090838247808,2.489702399416027,0.59375,-0.015704879226761448,0.10757736360752129,0.009717836668122981,0.02462374209635764,0.05925407538978211
EU,rotation_12m_three_sleeve,validation_2018_2021,canonical_exact_sector_tilt,48,0.004632350802575846,0.0050885471262882565,0.28310573712095777,0.5973158035217275,0.5208333333333334,-0.027020252209216444,0.10757736360752129,0.0033414224392855907,0.02462374209635764,0.05925407538978211
EU,rotation_12m_three_sleeve,holdout_2022_latest,canonical_exact_sector_tilt,53,0.0059407972993605895,0.005780095302119426,0.2845136417467691,0.7677375761515915,0.6037735849056604,-0.02729106351223609,0.10757736360752129,0.004649868936070334,0.02462374209635764,0.05925407538978211
EU,rotation_12m_three_sleeve,recent_2024_latest,canonical_exact_sector_tilt,29,0.0012959261453475701,0.0013831016101901739,0.06869882161532109,0.15274940704210224,0.5172413793103449,-0.02729106351223609,0.10757736360752129,4.9977820573145985e-06,0.02462374209635764,0.05925407538978211
EU,rotation_12m_three_sleeve,full_period,canonical_exact_sector_tilt,197,0.008087537090674335,0.008126562797388548,0.4688166387286241,2.2585696365119423,0.5786802030456852,-0.03293975440922248,0.10757736360752129,0.006796608727384079,0.02462374209635764,0.05925407538978211
US,baseline_raw,discovery_2010_2017,canonical_exact_sector_tilt,96,0.005305932397693391,0.005101102864585982,0.4887153576409976,1.6564668999743783,0.5625,-0.020696537877401,0.08306810850398116,0.004309115095645617,0.03918621950516781,0.07611680420767697
US,baseline_raw,validation_2018_2021,canonical_exact_sector_tilt,48,0.013753920516208717,0.014070691732811058,0.7643065277491102,1.3753368678218882,0.5416666666666666,-0.016875754610218285,0.08306810850398116,0.012757103214160943,0.03918621950516781,0.07611680420767697
US,baseline_raw,holdout_2022_latest,canonical_exact_sector_tilt,53,0.013011226487986471,0.012907684541984432,0.5982894875125873,1.5007391681775513,0.6037735849056604,-0.022136585255127073,0.08306810850398116,0.012014409185938697,0.03918621950516781,0.07611680420767697
US,baseline_raw,recent_2024_latest,canonical_exact_sector_tilt,29,0.008313636345766318,0.007148830944746054,0.3470616293509647,0.6699601330423859,0.5172413793103449,-0.02213658525512696,0.08306810850398116,0.007316819043718543,0.03918621950516781,0.07611680420767697
US,baseline_raw,full_period,canonical_exact_sector_tilt,197,0.009429251691140283,0.009378100156254288,0.5831159511334603,2.5040821014486667,0.5685279187817259,-0.022136585255127295,0.08306810850398116,0.008432434389092509,0.03918621950516781,0.07611680420767697
US,smooth_2m,discovery_2010_2017,canonical_exact_sector_tilt,96,0.007127845442116865,0.006875175522478072,0.6246471352396213,2.051108475321799,0.5416666666666666,-0.013287995205468639,0.06724332143828783,0.006320925584857411,0.03655359119701592,0.04992668163835057
US,smooth_2m,validation_2018_2021,canonical_exact_sector_tilt,48,0.007319444955137255,0.007684833804278757,0.4086288963019048,0.7404760314316677,0.4791666666666667,-0.024953469331746136,0.06724332143828783,0.006512525097877801,0.03655359119701592,0.04992668163835057
US,smooth_2m,holdout_2022_latest,canonical_exact_sector_tilt,53,0.005965616310245281,0.005944936738999873,0.29978585229975446,0.7428270483820962,0.5094339622641509,-0.0220946028874921,0.06724332143828783,0.005158696452985827,0.03655359119701592,0.04992668163835057
US,smooth_2m,recent_2024_latest,canonical_exact_sector_tilt,29,0.0017874193811033834,0.000546351726894434,0.09381727082120284,0.19173131421429104,0.4482758620689655,-0.022094602887491765,0.06724332143828783,0.0009804995238439293,0.03655359119701592,0.04992668163835057
US,smooth_2m,full_period,canonical_exact_sector_tilt,197,0.006861698829518481,0.00682199182869736,0.43577454651398245,1.857372366204775,0.5177664974619289,-0.024953469331746136,0.06724332143828783,0.006054778972259027,0.03655359119701592,0.04992668163835057
US,smooth_3m,discovery_2010_2017,canonical_exact_sector_tilt,96,0.0021419963169508893,0.0019748842135989264,0.21717465771243774,0.6650487134818567,0.4791666666666667,-0.029899765764117014,0.05739012714743482,0.0014533147911816716,0.03849204103644967,0.035911950840233464
US,smooth_3m,validation_2018_2021,canonical_exact_sector_tilt,48,0.004895239267600715,0.005205279017928444,0.27913783256279884,0.45341886057918307,0.4791666666666667,-0.03637191960804942,0.05739012714743482,0.004206557741831497,0.03849204103644967,0.035911950840233464
US,smooth_3m,holdout_2022_latest,canonical_exact_sector_tilt,53,0.0129057066592555,0.012926502447835775,0.6640429538890684,1.7496187562280476,0.5094339622641509,-0.024750564751011894,0.05739012714743482,0.012217025133486282,0.03849204103644967,0.035911950840233464
US,smooth_3m,recent_2024_latest,canonical_exact_sector_tilt,29,0.008276225732347209,0.0069975667328696645,0.4001837373088906,0.9110121807433186,0.4482758620689655,-0.024750564751011894,0.05739012714743482,0.007587544206577991,0.03849204103644967,0.035911950840233464
US,smooth_3m,full_period,canonical_exact_sector_tilt,197,0.005698593123252271,0.005698008307451596,0.38129708305982957,1.5117297389695352,0.4873096446700508,-0.03637191960804931,0.05739012714743482,0.005009911597483053,0.03849204103644967,0.035911950840233464
US,smooth_6m,discovery_2010_2017,canonical_exact_sector_tilt,96,0.005143742603134216,0.004968985947001903,0.5440687703959222,1.549940679833018,0.6145833333333334,-0.01948214242904156,0.04327651797049145,0.004624424387488319,0.03922666274422795,0.029499239501386
US,smooth_6m,validation_2018_2021,canonical_exact_sector_tilt,48,0.0015875443068900097,0.001956364332731164,0.10486571314431609,0.1788900424965578,0.4791666666666667,-0.02647392090646339,0.04327651797049145,0.0010682260912441123,0.03922666274422795,0.029499239501386
US,smooth_6m,holdout_2022_latest,canonical_exact_sector_tilt,53,0.005410521323733208,0.005849146318096965,0.2590257225434501,0.6569050600146906,0.49056603773584906,-0.031283153764508076,0.04327651797049145,0.004891203108087311,0.03922666274422795,0.029499239501386
US,smooth_6m,recent_2024_latest,canonical_exact_sector_tilt,29,0.003277329462256562,0.0022146324993390643,0.1616188005078221,0.28767080516192345,0.41379310344827586,-0.03128315376450819,0.04327651797049145,0.0027580112466106645,0.03922666274422795,0.029499239501386
US,smooth_6m,full_period,canonical_exact_sector_tilt,197,0.004347800042410199,0.00447065810805336,0.29146346796532513,1.2252856039317954,0.5482233502538071,-0.03128315376450819,0.04327651797049145,0.003828481826764302,0.03922666274422795,0.029499239501386
US,ema_3m,discovery_2010_2017,canonical_exact_sector_tilt,96,0.005648020484380956,0.005515557856945907,0.5317979935613211,1.7505907372155942,0.5416666666666666,-0.01906034218135111,0.060335637836002834,0.004923992830348922,0.03632282179829495,0.07031939821771171
US,ema_3m,validation_2018_2021,canonical_exact_sector_tilt,48,0.011229587558497567,0.011478944013707082,0.6370094381321844,1.0848072967932496,0.5416666666666666,-0.017450059056122846,0.060335637836002834,0.010505559904465533,0.03632282179829495,0.07031939821771171
US,ema_3m,holdout_2022_latest,canonical_exact_sector_tilt,53,0.013449143011761144,0.013649022071503092,0.6759213281545456,1.794373235470103,0.5660377358490566,-0.022094602887491988,0.060335637836002834,0.01272511535772911,0.03632282179829495,0.07031939821771171
US,ema_3m,recent_2024_latest,canonical_exact_sector_tilt,29,0.010441274632647213,0.00925267044209388,0.5263978644426595,1.100451394675954,0.5172413793103449,-0.022094602887491988,0.060335637836002834,0.009717246978615179,0.03632282179829495,0.07031939821771171
US,ema_3m,full_period,canonical_exact_sector_tilt,197,0.009100830553542938,0.009150215644407655,0.5937149976008604,2.4977260157735275,0.5482233502538071,-0.022094602887491988,0.060335637836002834,0.008376802899510904,0.03632282179829495,0.07031939821771171
US,ema_6m,discovery_2010_2017,canonical_exact_sector_tilt,96,0.005077806304772947,0.004883233362781514,0.5221400161748954,1.5760537617128103,0.53125,-0.01876861611665337,0.04582157371266753,0.004527947420220937,0.04023484360348467,0.03917045561138166
US,ema_6m,validation_2018_2021,canonical_exact_sector_tilt,48,0.006589556620130832,0.006597669943748441,0.3706123687119685,0.7230697430109335,0.5,-0.018702015249155046,0.04582157371266753,0.006039697735578822,0.04023484360348467,0.03917045561138166
US,ema_6m,holdout_2022_latest,canonical_exact_sector_tilt,53,0.00642579142143429,0.006759523402044554,0.3119322849361413,0.7869563922715522,0.4528301886792453,-0.03222951829776244,0.04582157371266753,0.00587593253688228,0.04023484360348467,0.03917045561138166
US,ema_6m,recent_2024_latest,canonical_exact_sector_tilt,29,0.00015864830102318983,-0.0009812557063072491,0.017865901765084787,0.03255273932292375,0.3793103448275862,-0.03222951829776244,0.04582157371266753,-0.00039121058352882044,0.04023484360348467,0.03917045561138166
US,ema_6m,full_period,canonical_exact_sector_tilt,197,0.005808553257374616,0.005805348998631166,0.3775804682421272,1.6755202547504056,0.5025380710659898,-0.03222951829776255,0.04582157371266753,0.005258694372822606,0.04023484360348467,0.03917045561138166
US,trend_12_1,discovery_2010_2017,canonical_exact_sector_tilt,84,0.000741478086888625,0.0007665543302433075,0.06076164718107347,0.21071147213244004,0.5357142857142857,-0.030436075769533777,0.07227604162427535,-0.00012583441260267914,-0.0015234429475915498,-0.004170177577341505
US,trend_12_1,validation_2018_2021,canonical_exact_sector_tilt,48,-0.0017310827923152639,-0.0004945080734766183,-0.07835072745715006,-0.19421382035986343,0.4583333333333333,-0.040951081411975565,0.07227604162427535,-0.002598395291806568,-0.0015234429475915498,-0.004170177577341505
US,trend_12_1,holdout_2022_latest,canonical_exact_sector_tilt,53,-0.0018004106779869744,-0.0006804818265229162,-0.0747931025733742,-0.15481518234317057,0.6037735849056604,-0.04576904815321403,0.07227604162427535,-0.0026677231774782785,-0.0015234429475915498,-0.004170177577341505
US,trend_12_1,recent_2024_latest,canonical_exact_sector_tilt,29,-0.0067695598491368525,-0.006729272550121235,-0.36695715067556,-0.5134431789340186,0.5862068965517241,-0.04576904815321403,0.07227604162427535,-0.007636872348628157,-0.0015234429475915498,-0.004170177577341505
US,trend_12_1,full_period,canonical_exact_sector_tilt,185,-0.0006290489062809046,2.4572329927030623e-05,-0.026923453014418137,-0.11854824412951113,0.5351351351351351,-0.048333926065068145,0.07227604162427535,-0.0014963614057722087,-0.0015234429475915498,-0.004170177577341505
US,trend_multi,discovery_2010_2017,canonical_exact_sector_tilt,93,0.00034511362713485205,0.000403690123068845,0.03125127043614632,0.11074332478413286,0.45161290322580644,-0.0345232746743821,0.09911218143980678,-0.0008442325501428294,-0.008609297105569463,0.006461413546376971
US,trend_multi,validation_2018_2021,canonical_exact_sector_tilt,48,-0.004670484885611947,-0.0041473264243954144,-0.25390326822437426,-0.5092139636834878,0.5,-0.03977283903238471,0.09911218143980678,-0.005859831062889629,-0.008609297105569463,0.006461413546376971
US,trend_multi,holdout_2022_latest,canonical_exact_sector_tilt,53,0.0024998691948872054,0.003375172487974032,0.1496408053502218,0.34270417077273363,0.5283018867924528,-0.03449904691197503,0.09911218143980678,0.001310523017609524,-0.008609297105569463,0.006461413546376971
US,trend_multi,recent_2024_latest,canonical_exact_sector_tilt,29,0.003674636597466252,0.0035585499783530317,0.25521237965057036,0.4964433661653184,0.5172413793103449,-0.015650926411504895,0.09911218143980678,0.002485290420188571,-0.008609297105569463,0.006461413546376971
US,trend_multi,full_period,canonical_exact_sector_tilt,194,-0.0003107283488728019,8.574038521702576e-05,-0.011276377707212898,-0.05217678345399993,0.4845360824742268,-0.046568974799152785,0.09911218143980678,-0.0015000745261504833,-0.008609297105569463,0.006461413546376971
US,baseline_75_trend_25,discovery_2010_2017,canonical_exact_sector_tilt,93,0.00571631830363617,0.00561287974580682,0.5140128140590843,1.7046550279393278,0.5913978494623656,-0.009996347619193768,0.08593150267523307,0.004685140271533373,0.038303404570280156,0.07512763163504599
US,baseline_75_trend_25,validation_2018_2021,canonical_exact_sector_tilt,48,0.01442938818990247,0.015296256528138041,0.7281723947126022,1.4282954548183648,0.5625,-0.011860563395309609,0.08593150267523307,0.013398210157799673,0.038303404570280156,0.07512763163504599
US,baseline_75_trend_25,holdout_2022_latest,canonical_exact_sector_tilt,53,0.011295258702845201,0.011269314272344122,0.5218705291241752,1.220167523268101,0.5660377358490566,-0.02825417551738041,0.08593150267523307,0.010264080670742404,0.038303404570280156,0.07512763163504599
US,baseline_75_trend_25,recent_2024_latest,canonical_exact_sector_tilt,29,0.006465742293019661,0.0051696103014367,0.28031712919254936,0.46861060954130407,0.5172413793103449,-0.02825417551738052,0.08593150267523307,0.005434564260916864,0.038303404570280156,0.07512763163504599
US,baseline_75_trend_25,full_period,canonical_exact_sector_tilt,194,0.009389467587265221,0.009545961036525608,0.5590559729921529,2.373400757608573,0.5773195876288659,-0.02825417551738041,0.08593150267523307,0.008358289555162424,0.038303404570280156,0.07512763163504599
US,quality_improvement,discovery_2010_2017,canonical_exact_sector_tilt,93,0.00512440274650694,0.004762949544232731,0.35387268114169484,0.9278237574197106,0.5806451612903226,-0.037586535657052944,0.07513833272715228,0.004222742753781112,0.052055399349361126,0.07068477994143096
US,quality_improvement,validation_2018_2021,canonical_exact_sector_tilt,48,0.014688394346557665,0.015314649790844959,0.8736226660800218,2.2473125326200174,0.6041666666666666,-0.014834652096475831,0.07513833272715228,0.013786734353831837,0.052055399349361126,0.07068477994143096
US,quality_improvement,holdout_2022_latest,canonical_exact_sector_tilt,53,0.006697702970100972,0.007206780524517731,0.3592831171016784,0.6387703642768174,0.4528301886792453,-0.03900501208651963,0.07513833272715228,0.005796042977375144,0.052055399349361126,0.07068477994143096
US,quality_improvement,recent_2024_latest,canonical_exact_sector_tilt,29,-0.013479493625551786,-0.012619368046651425,-0.736464921206901,-1.0332770167979144,0.3103448275862069,-0.039005012086520074,0.07513833272715228,-0.014381153618277614,0.052055399349361126,0.07068477994143096
US,quality_improvement,full_period,canonical_exact_sector_tilt,194,0.00791290792735344,0.008032207304375039,0.48597142029473184,1.8327898883936498,0.5515463917525774,-0.04184004755578263,0.07513833272715228,0.007011247934627613,0.052055399349361126,0.07068477994143096
US,improvement_core,discovery_2010_2017,canonical_exact_sector_tilt,93,0.008515732027191802,0.00818837333669964,0.6218917968697495,1.769304836622094,0.6129032258064516,-0.02498303679156133,0.10155412056625845,0.007297082580396701,0.04378597342355281,0.07397999653958176
US,improvement_core,validation_2018_2021,canonical_exact_sector_tilt,48,0.01441789392978432,0.0157982192081616,0.6837449991479393,2.082624668468361,0.5833333333333334,-0.012378741484553424,0.10155412056625845,0.013199244482989219,0.04378597342355281,0.07397999653958176
US,improvement_core,holdout_2022_latest,canonical_exact_sector_tilt,53,0.0012826909577163814,0.002452881595759848,0.07696927611554652,0.11589264519477395,0.6226415094339622,-0.046799114658835905,0.10155412056625845,6.404151092128003e-05,0.04378597342355281,0.07397999653958176
US,improvement_core,recent_2024_latest,canonical_exact_sector_tilt,29,-0.0022184293662573795,-0.0012787589746601213,-0.10901743957488894,-0.11110154818638443,0.5862068965517241,-0.046799114658835905,0.10155412056625845,-0.003437078813052481,0.04378597342355281,0.07397999653958176
US,improvement_core,full_period,canonical_exact_sector_tilt,194,0.007988784805004201,0.008492810723624844,0.46858132295925475,1.771570629433056,0.6082474226804123,-0.046799114658835905,0.10155412056625845,0.0067701353582091,0.04378597342355281,0.07397999653958176
US,revision_sleeve,discovery_2010_2017,canonical_exact_sector_tilt,96,0.001773706724131685,0.0016070859272321325,0.1271196801795125,0.43069862386799435,0.53125,-0.02072289543843009,0.08977454551841854,0.0006964121779106628,0.0214189362627231,0.03770620753831411
US,revision_sleeve,validation_2018_2021,canonical_exact_sector_tilt,48,0.01294029944061137,0.01333242596706441,0.6782298712961442,1.7760955962498033,0.5,-0.019870447780256595,0.08977454551841854,0.011863004894390346,0.0214189362627231,0.03770620753831411
US,revision_sleeve,holdout_2022_latest,canonical_exact_sector_tilt,53,0.007877312514976031,0.007691856008193776,0.5013959221394146,1.1958010606474272,0.5094339622641509,-0.01947156145432316,0.08977454551841854,0.006800017968755009,0.0214189362627231,0.03770620753831411
US,revision_sleeve,recent_2024_latest,canonical_exact_sector_tilt,29,0.003626890107329972,0.003300417997882832,0.27534237732044664,0.4257078662601145,0.5172413793103449,-0.019471561454323383,0.08977454551841854,0.0025495955611089497,0.0214189362627231,0.03770620753831411
US,revision_sleeve,full_period,canonical_exact_sector_tilt,197,0.00612598022908406,0.0060894955593671085,0.3842823087058425,1.8342257248381328,0.5177664974619289,-0.03329538833573864,0.08977454551841854,0.005048685682863038,0.0214189362627231,0.03770620753831411
US,baseline_75_core_25,discovery_2010_2017,canonical_exact_sector_tilt,93,0.0074227498185257534,0.007205690567360978,0.6221366655901803,2.0318234098018086,0.6129032258064516,-0.015334247521171962,0.08722657625518551,0.0063760309034635275,0.04963967853619795,0.09481625789975134
US,baseline_75_core_25,validation_2018_2021,canonical_exact_sector_tilt,48,0.011582237054855504,0.012552308074382346,0.643782691758691,1.1160206858926762,0.6041666666666666,-0.014387252843644283,0.08722657625518551,0.010535518139793278,0.04963967853619795,0.09481625789975134
US,baseline_75_core_25,holdout_2022_latest,canonical_exact_sector_tilt,53,0.01469156251031567,0.01481350628459066,0.6854713680250851,1.444650559495439,0.5660377358490566,-0.02782733681302474,0.08722657625518551,0.013644843595253444,0.04963967853619795,0.09481625789975134
US,baseline_75_core_25,recent_2024_latest,canonical_exact_sector_tilt,29,0.011324929282899854,0.010000632884463068,0.5074635598657585,0.740689357608863,0.5172413793103449,-0.02782733681302474,0.08722657625518551,0.010278210367837628,0.04963967853619795,0.09481625789975134
US,baseline_75_core_25,full_period,canonical_exact_sector_tilt,194,0.010432950728601398,0.010601391153412187,0.6335975527237269,2.477678583921043,0.5979381443298969,-0.02782733681302496,0.08722657625518551,0.009386231813539172,0.04963967853619795,0.09481625789975134
US,baseline_50_core_50,discovery_2010_2017,canonical_exact_sector_tilt,93,0.011314222745818947,0.01098992266847132,0.9563101626783908,3.1134219903600915,0.6559139784946236,-0.014606868588307065,0.09823501126596702,0.010135402610627342,0.04741677612007073,0.0978162162303664
US,baseline_50_core_50,validation_2018_2021,canonical_exact_sector_tilt,48,0.010400083720385256,0.011574667345610301,0.5837741645413725,1.2657458494417435,0.5833333333333334,-0.012229161807371214,0.09823501126596702,0.00922126358519365,0.04741677612007073,0.0978162162303664
US,baseline_50_core_50,holdout_2022_latest,canonical_exact_sector_tilt,53,0.011807577568646144,0.01176568767784425,0.6984045455262491,1.528344710187945,0.6037735849056604,-0.03242507223948299,0.09823501126596702,0.010628757433454539,0.04741677612007073,0.0978162162303664
US,baseline_50_core_50,recent_2024_latest,canonical_exact_sector_tilt,29,0.002125229722346189,0.001373120544096773,0.11823701876593148,0.1915689575287692,0.5517241379310345,-0.032425072239482766,0.09823501126596702,0.0009464095871545848,0.04741677612007073,0.0978162162303664
US,baseline_50_core_50,full_period,canonical_exact_sector_tilt,194,0.011222695513408931,0.01134647733000671,0.753735782080179,3.257530284255659,0.6237113402061856,-0.03242507223948299,0.09823501126596702,0.010043875378217326,0.04741677612007073,0.0978162162303664
US,rotation_12m_two_sleeve,discovery_2010_2017,canonical_exact_sector_tilt,96,0.008920067826638345,0.008736791945258782,0.6936384832001595,2.087078517127748,0.6041666666666666,-0.022501726735548178,0.10442280700669673,0.007666994142557984,0.048261067718564844,0.061140636653426395
US,rotation_12m_two_sleeve,validation_2018_2021,canonical_exact_sector_tilt,48,0.008696620235840946,0.009849639678476407,0.4801078744902338,1.30331309112737,0.5833333333333334,-0.014107567716371339,0.10442280700669673,0.007443546551760586,0.048261067718564844,0.061140636653426395
US,rotation_12m_two_sleeve,holdout_2022_latest,canonical_exact_sector_tilt,53,0.0049037020720106295,0.005506316775909292,0.23904523026663335,0.5622152819323615,0.6037735849056604,-0.026997203359791055,0.10442280700669673,0.0036506283879302686,0.048261067718564844,0.061140636653426395
US,rotation_12m_two_sleeve,recent_2024_latest,canonical_exact_sector_tilt,29,0.0035054180765614618,0.003440470865774259,0.16281000499734352,0.2867189058832077,0.5517241379310345,-0.026997203359790722,0.10442280700669673,0.002252344392481101,0.048261067718564844,0.061140636653426395
US,rotation_12m_two_sleeve,full_period,canonical_exact_sector_tilt,197,0.007783556739900721,0.008137464063869615,0.4687042373728235,2.173413367791789,0.5989847715736041,-0.026997203359790833,0.10442280700669673,0.006530483055820361,0.048261067718564844,0.061140636653426395
US,rotation_24m_two_sleeve,discovery_2010_2017,canonical_exact_sector_tilt,96,0.00849755209045222,0.008350505758081272,0.6859965599326916,2.0361112183630294,0.625,-0.028143468825044704,0.09943268718064426,0.007304359844284489,0.014630054533167793,0.029461271424521263
US,rotation_24m_two_sleeve,validation_2018_2021,canonical_exact_sector_tilt,48,0.003819619932226459,0.005194350174552387,0.20268093395768746,0.4795153361361252,0.5208333333333334,-0.019305039202087593,0.09943268718064426,0.002626427686058728,0.014630054533167793,0.029461271424521263
US,rotation_24m_two_sleeve,holdout_2022_latest,canonical_exact_sector_tilt,53,-0.0017134737686912427,-0.0007958334448032733,-0.0638918785538781,-0.1221865508538537,0.5471698113207547,-0.05111527842009744,0.09943268718064426,-0.002906666014858974,0.014630054533167793,0.029461271424521263
US,rotation_24m_two_sleeve,recent_2024_latest,canonical_exact_sector_tilt,29,-0.009065031585132721,-0.00900610143192948,-0.3566026959323076,-0.465972869643126,0.4482758620689655,-0.05111527842009722,0.09943268718064426,-0.010258223831300452,0.014630054533167793,0.029461271424521263
US,rotation_24m_two_sleeve,full_period,canonical_exact_sector_tilt,197,0.004601514011068009,0.005113575667817116,0.27013853843474195,1.0891686517825525,0.5786802030456852,-0.05111527842009711,0.09943268718064426,0.0034083217649002774,0.014630054533167793,0.029461271424521263
US,rotation_12m_three_sleeve,discovery_2010_2017,canonical_exact_sector_tilt,96,0.008106159361420007,0.007923022978665983,0.6270402431296587,1.8586162072726842,0.5833333333333334,-0.022501726735548178,0.10495169625956895,0.00684673900630518,0.04073643349939495,0.05266861043761217
US,rotation_12m_three_sleeve,validation_2018_2021,canonical_exact_sector_tilt,48,0.0049286321004495814,0.005797659578606673,0.27091773355133897,0.7888134245866212,0.5416666666666666,-0.01854955924207935,0.10495169625956895,0.0036692117453347543,0.04073643349939495,0.05266861043761217
US,rotation_12m_three_sleeve,holdout_2022_latest,canonical_exact_sector_tilt,53,0.009012841148476447,0.009536639319278395,0.439280940819128,1.0296987332428402,0.5660377358490566,-0.026997203359790833,0.10495169625956895,0.00775342079336162,0.04073643349939495,0.05266861043761217
US,rotation_12m_three_sleeve,recent_2024_latest,canonical_exact_sector_tilt,29,0.010263859730087699,0.010182663521724145,0.49023031640317394,0.861056036234647,0.5862068965517241,-0.026997203359790944,0.10495169625956895,0.009004439374972872,0.04073643349939495,0.05266861043761217
US,rotation_12m_three_sleeve,full_period,canonical_exact_sector_tilt,197,0.007574676929518187,0.00783839773610251,0.4570345269485984,2.127547090100374,0.5685279187817259,-0.026997203359791055,0.10495169625956895,0.00631525657440336,0.04073643349939495,0.05266861043761217
