candidate,Date,selected_sleeve,trailing_window_months,trailing_return,market
rotation_12m_two_sleeve,2010-01-31,baseline_raw,12,,EU
rotation_12m_two_sleeve,2010-02-28,baseline_raw,12,,EU
rotation_12m_two_sleeve,2010-03-31,baseline_raw,12,,EU
rotation_12m_two_sleeve,2010-04-30,baseline_raw,12,,EU
rotation_12m_two_sleeve,2010-05-31,baseline_raw,12,,EU
rotation_12m_two_sleeve,2010-06-30,baseline_raw,12,,EU
rotation_12m_two_sleeve,2010-07-31,baseline_raw,12,,EU
rotation_12m_two_sleeve,2010-08-31,baseline_raw,12,,EU
rotation_12m_two_sleeve,2010-09-30,baseline_raw,12,,EU
rotation_12m_two_sleeve,2010-10-31,baseline_raw,12,,EU
rotation_12m_two_sleeve,2010-11-30,baseline_raw,12,,EU
rotation_12m_two_sleeve,2010-12-31,baseline_raw,12,,EU
rotation_12m_two_sleeve,2011-01-31,baseline_raw,12,0.02493966678429227,EU
rotation_12m_two_sleeve,2011-02-28,baseline_raw,12,0.023028602174751223,EU
rotation_12m_two_sleeve,2011-03-31,baseline_raw,12,0.022160888385557964,EU
rotation_12m_two_sleeve,2011-04-30,improvement_core,12,0.048324697491947344,EU
rotation_12m_two_sleeve,2011-05-31,improvement_core,12,0.0389605810280953,EU
rotation_12m_two_sleeve,2011-06-30,improvement_core,12,0.040813973020354055,EU
rotation_12m_two_sleeve,2011-07-31,improvement_core,12,0.04112688194940173,EU
rotation_12m_two_sleeve,2011-08-31,improvement_core,12,0.04064256542036704,EU
rotation_12m_two_sleeve,2011-09-30,improvement_core,12,0.029183482057451027,EU
rotation_12m_two_sleeve,2011-10-31,improvement_core,12,0.03210273376446393,EU
rotation_12m_two_sleeve,2011-11-30,improvement_core,12,0.022530248728948488,EU
rotation_12m_two_sleeve,2011-12-31,improvement_core,12,0.02381310225737887,EU
rotation_12m_two_sleeve,2012-01-31,improvement_core,12,0.022324012083769773,EU
rotation_12m_two_sleeve,2012-02-29,improvement_core,12,0.021568297247266166,EU
rotation_12m_two_sleeve,2012-03-31,improvement_core,12,0.026910670824189298,EU
rotation_12m_two_sleeve,2012-04-30,improvement_core,12,0.018692080460495752,EU
rotation_12m_two_sleeve,2012-05-31,improvement_core,12,0.023542465058021156,EU
rotation_12m_two_sleeve,2012-06-30,improvement_core,12,0.012832005282000791,EU
rotation_12m_two_sleeve,2012-07-31,improvement_core,12,0.015696383532012526,EU
rotation_12m_two_sleeve,2012-08-31,improvement_core,12,0.012914180994544333,EU
rotation_12m_two_sleeve,2012-09-30,baseline_raw,12,0.010468377069384749,EU
rotation_12m_two_sleeve,2012-10-31,baseline_raw,12,0.007009190312548874,EU
rotation_12m_two_sleeve,2012-11-30,baseline_raw,12,0.010181707296449627,EU
rotation_12m_two_sleeve,2012-12-31,baseline_raw,12,0.011205257304218952,EU
rotation_12m_two_sleeve,2013-01-31,baseline_raw,12,0.01926698346221878,EU
rotation_12m_two_sleeve,2013-02-28,baseline_raw,12,0.025984492861933273,EU
rotation_12m_two_sleeve,2013-03-31,baseline_raw,12,0.021002411711227742,EU
rotation_12m_two_sleeve,2013-04-30,baseline_raw,12,0.015502168215973722,EU
rotation_12m_two_sleeve,2013-05-31,baseline_raw,12,0.009793233055375605,EU
rotation_12m_two_sleeve,2013-06-30,baseline_raw,12,0.02123532002178008,EU
rotation_12m_two_sleeve,2013-07-31,baseline_raw,12,0.017569824071159923,EU
rotation_12m_two_sleeve,2013-08-31,baseline_raw,12,0.01324664414512755,EU
rotation_12m_two_sleeve,2013-09-30,baseline_raw,12,0.01830263840696711,EU
rotation_12m_two_sleeve,2013-10-31,baseline_raw,12,0.022516553437376574,EU
rotation_12m_two_sleeve,2013-11-30,baseline_raw,12,0.02034024282864899,EU
rotation_12m_two_sleeve,2013-12-31,baseline_raw,12,0.02384627725219346,EU
rotation_12m_two_sleeve,2014-01-31,baseline_raw,12,0.027544952386052257,EU
rotation_12m_two_sleeve,2014-02-28,baseline_raw,12,0.020596957323908427,EU
rotation_12m_two_sleeve,2014-03-31,baseline_raw,12,0.01723683672048404,EU
rotation_12m_two_sleeve,2014-04-30,baseline_raw,12,0.015269676236001173,EU
rotation_12m_two_sleeve,2014-05-31,baseline_raw,12,0.014701995339321705,EU
rotation_12m_two_sleeve,2014-06-30,baseline_raw,12,0.008818718102855172,EU
rotation_12m_two_sleeve,2014-07-31,baseline_raw,12,0.0051879320555017205,EU
rotation_12m_two_sleeve,2014-08-31,baseline_raw,12,0.008347210482193557,EU
rotation_12m_two_sleeve,2014-09-30,baseline_raw,12,0.005687896698301165,EU
rotation_12m_two_sleeve,2014-10-31,baseline_raw,12,0.00527468404658582,EU
rotation_12m_two_sleeve,2014-11-30,baseline_raw,12,0.012071759316859554,EU
rotation_12m_two_sleeve,2014-12-31,baseline_raw,12,0.0129972248365402,EU
rotation_12m_two_sleeve,2015-01-31,baseline_raw,12,0.01844919468813777,EU
rotation_12m_two_sleeve,2015-02-28,baseline_raw,12,0.010393588516798502,EU
rotation_12m_two_sleeve,2015-03-31,baseline_raw,12,0.01648303913367921,EU
rotation_12m_two_sleeve,2015-04-30,baseline_raw,12,0.010675708066278933,EU
rotation_12m_two_sleeve,2015-05-31,baseline_raw,12,0.011701717187192262,EU
rotation_12m_two_sleeve,2015-06-30,baseline_raw,12,0.01496588744805738,EU
rotation_12m_two_sleeve,2015-07-31,baseline_raw,12,0.02259304949292562,EU
rotation_12m_two_sleeve,2015-08-31,baseline_raw,12,0.023023949343713213,EU
rotation_12m_two_sleeve,2015-09-30,baseline_raw,12,0.02354772341945055,EU
rotation_12m_two_sleeve,2015-10-31,baseline_raw,12,0.017374407184348906,EU
rotation_12m_two_sleeve,2015-11-30,baseline_raw,12,0.007330838228965186,EU
rotation_12m_two_sleeve,2015-12-31,baseline_raw,12,0.008968486728536895,EU
rotation_12m_two_sleeve,2016-01-31,baseline_raw,12,0.0009938383998038258,EU
rotation_12m_two_sleeve,2016-02-29,baseline_raw,12,0.006417350643377784,EU
rotation_12m_two_sleeve,2016-03-31,baseline_raw,12,0.004508834649259885,EU
rotation_12m_two_sleeve,2016-04-30,baseline_raw,12,0.0007607820980524149,EU
rotation_12m_two_sleeve,2016-05-31,baseline_raw,12,0.0012939155448794537,EU
rotation_12m_two_sleeve,2016-06-30,baseline_raw,12,0.005011458581692496,EU
rotation_12m_two_sleeve,2016-07-31,baseline_raw,12,-0.00017755030268129524,EU
rotation_12m_two_sleeve,2016-08-31,baseline_raw,12,-0.005830483530826047,EU
rotation_12m_two_sleeve,2016-09-30,baseline_raw,12,-0.002385325347060041,EU
rotation_12m_two_sleeve,2016-10-31,improvement_core,12,0.002767828339863332,EU
rotation_12m_two_sleeve,2016-11-30,improvement_core,12,0.00524300990934079,EU
rotation_12m_two_sleeve,2016-12-31,improvement_core,12,0.0004311818718176763,EU
rotation_12m_two_sleeve,2017-01-31,improvement_core,12,0.0044822376698934185,EU
rotation_12m_two_sleeve,2017-02-28,improvement_core,12,0.006017584266411413,EU
rotation_12m_two_sleeve,2017-03-31,improvement_core,12,0.0013365747611282508,EU
rotation_12m_two_sleeve,2017-04-30,improvement_core,12,0.007217131756710904,EU
rotation_12m_two_sleeve,2017-05-31,improvement_core,12,-0.0010193628484288508,EU
rotation_12m_two_sleeve,2017-06-30,improvement_core,12,-0.0013328413653338478,EU
rotation_12m_two_sleeve,2017-07-31,improvement_core,12,-0.002162696657527663,EU
rotation_12m_two_sleeve,2017-08-31,improvement_core,12,0.009746150267769593,EU
rotation_12m_two_sleeve,2017-09-30,improvement_core,12,0.0046287381862870625,EU
rotation_12m_two_sleeve,2017-10-31,improvement_core,12,0.0013399428879206088,EU
rotation_12m_two_sleeve,2017-11-30,improvement_core,12,-0.005201733047543011,EU
rotation_12m_two_sleeve,2017-12-31,improvement_core,12,0.0026524046666447365,EU
rotation_12m_two_sleeve,2018-01-31,baseline_raw,12,-0.0065684630402431665,EU
rotation_12m_two_sleeve,2018-02-28,baseline_raw,12,0.0036222949729542986,EU
rotation_12m_two_sleeve,2018-03-31,baseline_raw,12,-0.0007657035431117842,EU
rotation_12m_two_sleeve,2018-04-30,improvement_core,12,-0.0017895511012755438,EU
rotation_12m_two_sleeve,2018-05-31,baseline_raw,12,0.008321717071135382,EU
rotation_12m_two_sleeve,2018-06-30,improvement_core,12,0.004261728882191784,EU
rotation_12m_two_sleeve,2018-07-31,improvement_core,12,-0.003302353265544178,EU
rotation_12m_two_sleeve,2018-08-31,baseline_raw,12,0.0016815059300465673,EU
rotation_12m_two_sleeve,2018-09-30,baseline_raw,12,0.004587978687867533,EU
rotation_12m_two_sleeve,2018-10-31,baseline_raw,12,0.0026495371114196864,EU
rotation_12m_two_sleeve,2018-11-30,baseline_raw,12,0.00026264691083310865,EU
rotation_12m_two_sleeve,2018-12-31,baseline_raw,12,0.0012364784453546829,EU
rotation_12m_two_sleeve,2019-01-31,baseline_raw,12,0.0021460616432513735,EU
rotation_12m_two_sleeve,2019-02-28,improvement_core,12,0.0012638718868593912,EU
rotation_12m_two_sleeve,2019-03-31,baseline_raw,12,0.012683344077310421,EU
rotation_12m_two_sleeve,2019-04-30,baseline_raw,12,0.005823493191963847,EU
rotation_12m_two_sleeve,2019-05-31,baseline_raw,12,0.010940263104894266,EU
rotation_12m_two_sleeve,2019-06-30,baseline_raw,12,0.013881463463530475,EU
rotation_12m_two_sleeve,2019-07-31,baseline_raw,12,0.024151162431415907,EU
rotation_12m_two_sleeve,2019-08-31,baseline_raw,12,0.028510458986573672,EU
rotation_12m_two_sleeve,2019-09-30,baseline_raw,12,0.018914204053551487,EU
rotation_12m_two_sleeve,2019-10-31,improvement_core,12,0.015698207302415446,EU
rotation_12m_two_sleeve,2019-11-30,baseline_raw,12,0.02000102128827219,EU
rotation_12m_two_sleeve,2019-12-31,improvement_core,12,0.02014890188911611,EU
rotation_12m_two_sleeve,2020-01-31,improvement_core,12,0.021273665222001137,EU
rotation_12m_two_sleeve,2020-02-29,baseline_raw,12,0.024334038877468878,EU
rotation_12m_two_sleeve,2020-03-31,improvement_core,12,0.032775868243761996,EU
rotation_12m_two_sleeve,2020-04-30,improvement_core,12,0.04332992026874627,EU
rotation_12m_two_sleeve,2020-05-31,improvement_core,12,0.03920866412423463,EU
rotation_12m_two_sleeve,2020-06-30,improvement_core,12,0.036727746254976656,EU
rotation_12m_two_sleeve,2020-07-31,improvement_core,12,0.036895161645122965,EU
rotation_12m_two_sleeve,2020-08-31,improvement_core,12,0.025022535919528632,EU
rotation_12m_two_sleeve,2020-09-30,improvement_core,12,0.02732876111980853,EU
rotation_12m_two_sleeve,2020-10-31,improvement_core,12,0.03157527189718823,EU
rotation_12m_two_sleeve,2020-11-30,improvement_core,12,0.031696605094165164,EU
rotation_12m_two_sleeve,2020-12-31,improvement_core,12,0.028056284116317443,EU
rotation_12m_two_sleeve,2021-01-31,baseline_raw,12,0.023798089850911586,EU
rotation_12m_two_sleeve,2021-02-28,baseline_raw,12,0.029599332028187098,EU
rotation_12m_two_sleeve,2021-03-31,baseline_raw,12,0.028919162058681502,EU
rotation_12m_two_sleeve,2021-04-30,baseline_raw,12,0.026236636386456125,EU
rotation_12m_two_sleeve,2021-05-31,baseline_raw,12,0.02524302684675872,EU
rotation_12m_two_sleeve,2021-06-30,baseline_raw,12,0.02077252826462206,EU
rotation_12m_two_sleeve,2021-07-31,baseline_raw,12,0.013849836583071262,EU
rotation_12m_two_sleeve,2021-08-31,baseline_raw,12,0.007472916517752948,EU
rotation_12m_two_sleeve,2021-09-30,baseline_raw,12,0.012184531636675322,EU
rotation_12m_two_sleeve,2021-10-31,baseline_raw,12,0.010567392853701785,EU
rotation_12m_two_sleeve,2021-11-30,baseline_raw,12,0.008840694229800938,EU
rotation_12m_two_sleeve,2021-12-31,baseline_raw,12,0.002313392262370373,EU
rotation_12m_two_sleeve,2022-01-31,improvement_core,12,0.015284507425203264,EU
rotation_12m_two_sleeve,2022-02-28,improvement_core,12,-0.004385320315736241,EU
rotation_12m_two_sleeve,2022-03-31,baseline_raw,12,-0.007512353834903118,EU
rotation_12m_two_sleeve,2022-04-30,baseline_raw,12,-0.0007695379807416414,EU
rotation_12m_two_sleeve,2022-05-31,baseline_raw,12,0.0011065459955936774,EU
rotation_12m_two_sleeve,2022-06-30,baseline_raw,12,0.012671985339921976,EU
rotation_12m_two_sleeve,2022-07-31,baseline_raw,12,0.014299755034271167,EU
rotation_12m_two_sleeve,2022-08-31,baseline_raw,12,0.022541185729723745,EU
rotation_12m_two_sleeve,2022-09-30,baseline_raw,12,0.01836771102937851,EU
rotation_12m_two_sleeve,2022-10-31,baseline_raw,12,0.027595893842206287,EU
rotation_12m_two_sleeve,2022-11-30,baseline_raw,12,0.027528841905416934,EU
rotation_12m_two_sleeve,2022-12-31,baseline_raw,12,0.032559160018353905,EU
rotation_12m_two_sleeve,2023-01-31,baseline_raw,12,0.01907405674555651,EU
rotation_12m_two_sleeve,2023-02-28,baseline_raw,12,0.02980778529747541,EU
rotation_12m_two_sleeve,2023-03-31,baseline_raw,12,0.024133013495885036,EU
rotation_12m_two_sleeve,2023-04-30,baseline_raw,12,0.022324047402780822,EU
rotation_12m_two_sleeve,2023-05-31,baseline_raw,12,0.02418407158706959,EU
rotation_12m_two_sleeve,2023-06-30,baseline_raw,12,0.020963582973695605,EU
rotation_12m_two_sleeve,2023-07-31,baseline_raw,12,0.013611247144076133,EU
rotation_12m_two_sleeve,2023-08-31,baseline_raw,12,0.022159553601864168,EU
rotation_12m_two_sleeve,2023-09-30,baseline_raw,12,0.018772852622747305,EU
rotation_12m_two_sleeve,2023-10-31,baseline_raw,12,0.01046948823198135,EU
rotation_12m_two_sleeve,2023-11-30,baseline_raw,12,0.020772140752198798,EU
rotation_12m_two_sleeve,2023-12-31,baseline_raw,12,0.023968849315140872,EU
rotation_12m_two_sleeve,2024-01-31,baseline_raw,12,0.03405369539290892,EU
rotation_12m_two_sleeve,2024-02-29,baseline_raw,12,0.04085558359173791,EU
rotation_12m_two_sleeve,2024-03-31,baseline_raw,12,0.03306699898401266,EU
rotation_12m_two_sleeve,2024-04-30,baseline_raw,12,0.008481615306289214,EU
rotation_12m_two_sleeve,2024-05-31,baseline_raw,12,0.013012871735370135,EU
rotation_12m_two_sleeve,2024-06-30,baseline_raw,12,0.009173467948076386,EU
rotation_12m_two_sleeve,2024-07-31,baseline_raw,12,0.020777869472065058,EU
rotation_12m_two_sleeve,2024-08-31,baseline_raw,12,0.011085044349802953,EU
rotation_12m_two_sleeve,2024-09-30,baseline_raw,12,0.011422003963044824,EU
rotation_12m_two_sleeve,2024-10-31,improvement_core,12,0.013106572904466152,EU
rotation_12m_two_sleeve,2024-11-30,improvement_core,12,0.007857102633495705,EU
rotation_12m_two_sleeve,2024-12-31,improvement_core,12,0.006567497999026672,EU
rotation_12m_two_sleeve,2025-01-31,improvement_core,12,0.005285547292517734,EU
rotation_12m_two_sleeve,2025-02-28,improvement_core,12,-0.008447279503818628,EU
rotation_12m_two_sleeve,2025-03-31,improvement_core,12,0.002420360866927096,EU
rotation_12m_two_sleeve,2025-04-30,baseline_raw,12,0.02519344497220377,EU
rotation_12m_two_sleeve,2025-05-31,baseline_raw,12,0.015062061506433189,EU
rotation_12m_two_sleeve,2025-06-30,baseline_raw,12,0.01789507569820814,EU
rotation_12m_two_sleeve,2025-07-31,baseline_raw,12,0.015923455589181845,EU
rotation_12m_two_sleeve,2025-08-31,baseline_raw,12,0.010649572926035855,EU
rotation_12m_two_sleeve,2025-09-30,baseline_raw,12,0.016174584796751157,EU
rotation_12m_two_sleeve,2025-10-31,baseline_raw,12,0.01333423099181652,EU
rotation_12m_two_sleeve,2025-11-30,baseline_raw,12,0.013328923892015343,EU
rotation_12m_two_sleeve,2025-12-31,baseline_raw,12,0.021665609520358897,EU
rotation_12m_two_sleeve,2026-01-31,baseline_raw,12,0.034352989225592045,EU
rotation_12m_two_sleeve,2026-02-28,baseline_raw,12,0.03173349967647865,EU
rotation_12m_two_sleeve,2026-03-31,baseline_raw,12,0.022339593077693953,EU
rotation_12m_two_sleeve,2026-04-30,baseline_raw,12,0.02218208908366015,EU
rotation_12m_two_sleeve,2026-05-31,baseline_raw,12,0.019629768586676644,EU
rotation_24m_two_sleeve,2010-01-31,baseline_raw,24,,EU
rotation_24m_two_sleeve,2010-02-28,baseline_raw,24,,EU
rotation_24m_two_sleeve,2010-03-31,baseline_raw,24,,EU
rotation_24m_two_sleeve,2010-04-30,baseline_raw,24,,EU
rotation_24m_two_sleeve,2010-05-31,baseline_raw,24,,EU
rotation_24m_two_sleeve,2010-06-30,baseline_raw,24,,EU
rotation_24m_two_sleeve,2010-07-31,baseline_raw,24,,EU
rotation_24m_two_sleeve,2010-08-31,baseline_raw,24,,EU
rotation_24m_two_sleeve,2010-09-30,baseline_raw,24,,EU
rotation_24m_two_sleeve,2010-10-31,baseline_raw,24,,EU
rotation_24m_two_sleeve,2010-11-30,baseline_raw,24,,EU
rotation_24m_two_sleeve,2010-12-31,baseline_raw,24,,EU
rotation_24m_two_sleeve,2011-01-31,baseline_raw,24,,EU
rotation_24m_two_sleeve,2011-02-28,baseline_raw,24,,EU
rotation_24m_two_sleeve,2011-03-31,baseline_raw,24,,EU
rotation_24m_two_sleeve,2011-04-30,baseline_raw,24,,EU
rotation_24m_two_sleeve,2011-05-31,baseline_raw,24,,EU
rotation_24m_two_sleeve,2011-06-30,baseline_raw,24,,EU
rotation_24m_two_sleeve,2011-07-31,baseline_raw,24,,EU
rotation_24m_two_sleeve,2011-08-31,baseline_raw,24,,EU
rotation_24m_two_sleeve,2011-09-30,baseline_raw,24,,EU
rotation_24m_two_sleeve,2011-10-31,baseline_raw,24,,EU
rotation_24m_two_sleeve,2011-11-30,baseline_raw,24,,EU
rotation_24m_two_sleeve,2011-12-31,baseline_raw,24,,EU
rotation_24m_two_sleeve,2012-01-31,baseline_raw,24,0.017645475879160655,EU
rotation_24m_two_sleeve,2012-02-29,baseline_raw,24,0.016654601589030538,EU
rotation_24m_two_sleeve,2012-03-31,baseline_raw,24,0.01877383351964057,EU
rotation_24m_two_sleeve,2012-04-30,improvement_core,24,0.0679200670861917,EU
rotation_24m_two_sleeve,2012-05-31,improvement_core,24,0.06342027420361052,EU
rotation_24m_two_sleeve,2012-06-30,improvement_core,24,0.05416970341973193,EU
rotation_24m_two_sleeve,2012-07-31,improvement_core,24,0.057468808793968096,EU
rotation_24m_two_sleeve,2012-08-31,improvement_core,24,0.05408161186083249,EU
rotation_24m_two_sleeve,2012-09-30,improvement_core,24,0.0391244501101109,EU
rotation_24m_two_sleeve,2012-10-31,improvement_core,24,0.03667053688818478,EU
rotation_24m_two_sleeve,2012-11-30,improvement_core,24,0.028455472621024214,EU
rotation_24m_two_sleeve,2012-12-31,improvement_core,24,0.019831384762363236,EU
rotation_24m_two_sleeve,2013-01-31,baseline_raw,24,0.012013163357863954,EU
rotation_24m_two_sleeve,2013-02-28,baseline_raw,24,0.019592075538957587,EU
rotation_24m_two_sleeve,2013-03-31,improvement_core,24,0.018526357558910966,EU
rotation_24m_two_sleeve,2013-04-30,improvement_core,24,0.01833055776853465,EU
rotation_24m_two_sleeve,2013-05-31,improvement_core,24,0.026167714217819382,EU
rotation_24m_two_sleeve,2013-06-30,improvement_core,24,0.025204357853650716,EU
rotation_24m_two_sleeve,2013-07-31,improvement_core,24,0.026676141140322907,EU
rotation_24m_two_sleeve,2013-08-31,improvement_core,24,0.02123312113922249,EU
rotation_24m_two_sleeve,2013-09-30,baseline_raw,24,0.02896261439656067,EU
rotation_24m_two_sleeve,2013-10-31,baseline_raw,24,0.029683566558150964,EU
rotation_24m_two_sleeve,2013-11-30,baseline_raw,24,0.030729048523918445,EU
rotation_24m_two_sleeve,2013-12-31,baseline_raw,24,0.03531873822877096,EU
rotation_24m_two_sleeve,2014-01-31,baseline_raw,24,0.04734264399036059,EU
rotation_24m_two_sleeve,2014-02-28,baseline_raw,24,0.047116651676402554,EU
rotation_24m_two_sleeve,2014-03-31,baseline_raw,24,0.038601263573114775,EU
rotation_24m_two_sleeve,2014-04-30,baseline_raw,24,0.031008557541588377,EU
rotation_24m_two_sleeve,2014-05-31,baseline_raw,24,0.02463920846143397,EU
rotation_24m_two_sleeve,2014-06-30,baseline_raw,24,0.03024130642573053,EU
rotation_24m_two_sleeve,2014-07-31,baseline_raw,24,0.02284890718016963,EU
rotation_24m_two_sleeve,2014-08-31,baseline_raw,24,0.02170442715418308,EU
rotation_24m_two_sleeve,2014-09-30,baseline_raw,24,0.024094638621833697,EU
rotation_24m_two_sleeve,2014-10-31,baseline_raw,24,0.02791000518916298,EU
rotation_24m_two_sleeve,2014-11-30,baseline_raw,24,0.0326575446613826,EU
rotation_24m_two_sleeve,2014-12-31,baseline_raw,24,0.03715343751569411,EU
rotation_24m_two_sleeve,2015-01-31,baseline_raw,24,0.04650232926343545,EU
rotation_24m_two_sleeve,2015-02-28,baseline_raw,24,0.031204622139830107,EU
rotation_24m_two_sleeve,2015-03-31,baseline_raw,24,0.03400399130836784,EU
rotation_24m_two_sleeve,2015-04-30,baseline_raw,24,0.026108398908042174,EU
rotation_24m_two_sleeve,2015-05-31,baseline_raw,24,0.02657575111806154,EU
rotation_24m_two_sleeve,2015-06-30,baseline_raw,24,0.023916585493475973,EU
rotation_24m_two_sleeve,2015-07-31,baseline_raw,24,0.027898192754122864,EU
rotation_24m_two_sleeve,2015-08-31,baseline_raw,24,0.03156334557721041,EU
rotation_24m_two_sleeve,2015-09-30,baseline_raw,24,0.029369557136042168,EU
rotation_24m_two_sleeve,2015-10-31,baseline_raw,24,0.022740735739328777,EU
rotation_24m_two_sleeve,2015-11-30,baseline_raw,24,0.01949109366051549,EU
rotation_24m_two_sleeve,2015-12-31,baseline_raw,24,0.02208227700353138,EU
rotation_24m_two_sleeve,2016-01-31,baseline_raw,24,0.019461368606068064,EU
rotation_24m_two_sleeve,2016-02-29,baseline_raw,24,0.016877638462131417,EU
rotation_24m_two_sleeve,2016-03-31,baseline_raw,24,0.021066193080909956,EU
rotation_24m_two_sleeve,2016-04-30,baseline_raw,24,0.011444612051911829,EU
rotation_24m_two_sleeve,2016-05-31,baseline_raw,24,0.01301077376584181,EU
rotation_24m_two_sleeve,2016-06-30,baseline_raw,24,0.020052346954834155,EU
rotation_24m_two_sleeve,2016-07-31,baseline_raw,24,0.022411487787468154,EU
rotation_24m_two_sleeve,2016-08-31,baseline_raw,24,0.017059225055423788,EU
rotation_24m_two_sleeve,2016-09-30,baseline_raw,24,0.021106229090852358,EU
rotation_24m_two_sleeve,2016-10-31,baseline_raw,24,0.014288692140491888,EU
rotation_24m_two_sleeve,2016-11-30,baseline_raw,24,0.009301312975825926,EU
rotation_24m_two_sleeve,2016-12-31,baseline_raw,24,0.002875017076391595,EU
rotation_24m_two_sleeve,2017-01-31,baseline_raw,24,0.0025942178198419263,EU
rotation_24m_two_sleeve,2017-02-28,baseline_raw,24,0.0012353290842497255,EU
rotation_24m_two_sleeve,2017-03-31,baseline_raw,24,-0.0031244668374174056,EU
rotation_24m_two_sleeve,2017-04-30,baseline_raw,24,0.0051748200355039575,EU
rotation_24m_two_sleeve,2017-05-31,baseline_raw,24,-0.002737464051655425,EU
rotation_24m_two_sleeve,2017-06-30,baseline_raw,24,-0.00027552443320499886,EU
rotation_24m_two_sleeve,2017-07-31,baseline_raw,24,-0.0039947839280972675,EU
rotation_24m_two_sleeve,2017-08-31,baseline_raw,24,-0.004268761926808251,EU
rotation_24m_two_sleeve,2017-09-30,improvement_core,24,-0.00018100178807289868,EU
rotation_24m_two_sleeve,2017-10-31,improvement_core,24,0.004111479959683084,EU
rotation_24m_two_sleeve,2017-11-30,improvement_core,24,1.4004123883637476e-05,EU
rotation_24m_two_sleeve,2017-12-31,improvement_core,24,0.00308473020727118,EU
rotation_24m_two_sleeve,2018-01-31,improvement_core,24,-0.004019102505433136,EU
rotation_24m_two_sleeve,2018-02-28,improvement_core,24,-0.0013194116163780523,EU
rotation_24m_two_sleeve,2018-03-31,improvement_core,24,-0.004387352458881222,EU
rotation_24m_two_sleeve,2018-04-30,improvement_core,24,0.0054146652293523,EU
rotation_24m_two_sleeve,2018-05-31,baseline_raw,24,0.004262042350420048,EU
rotation_24m_two_sleeve,2018-06-30,improvement_core,24,0.002923207308315856,EU
rotation_24m_two_sleeve,2018-07-31,improvement_core,24,-0.005457907934702355,EU
rotation_24m_two_sleeve,2018-08-31,baseline_raw,24,0.0032550279725569453,EU
rotation_24m_two_sleeve,2018-09-30,improvement_core,24,-0.0009454225467058208,EU
rotation_24m_two_sleeve,2018-10-31,baseline_raw,24,0.00251158661374995,EU
rotation_24m_two_sleeve,2018-11-30,baseline_raw,24,-0.005897084246074602,EU
rotation_24m_two_sleeve,2018-12-31,baseline_raw,24,0.0013220488101077787,EU
rotation_24m_two_sleeve,2019-01-31,baseline_raw,24,-0.0044364977235776815,EU
rotation_24m_two_sleeve,2019-02-28,baseline_raw,24,0.0028702899345876,EU
rotation_24m_two_sleeve,2019-03-31,baseline_raw,24,0.011907928852699756,EU
rotation_24m_two_sleeve,2019-04-30,baseline_raw,24,0.0034808604307272617,EU
rotation_24m_two_sleeve,2019-05-31,baseline_raw,24,0.019353021950272442,EU
rotation_24m_two_sleeve,2019-06-30,baseline_raw,24,0.016242434103063363,EU
rotation_24m_two_sleeve,2019-07-31,baseline_raw,24,0.01810758680247937,EU
rotation_24m_two_sleeve,2019-08-31,baseline_raw,24,0.030239905422474234,EU
rotation_24m_two_sleeve,2019-09-30,baseline_raw,24,0.02358896070651495,EU
rotation_24m_two_sleeve,2019-10-31,baseline_raw,24,0.017630017704615364,EU
rotation_24m_two_sleeve,2019-11-30,baseline_raw,24,0.020268921405560025,EU
rotation_24m_two_sleeve,2019-12-31,baseline_raw,24,0.01664766466793366,EU
rotation_24m_two_sleeve,2020-01-31,baseline_raw,24,0.021179650264598227,EU
rotation_24m_two_sleeve,2020-02-29,baseline_raw,24,0.023566514718166287,EU
rotation_24m_two_sleeve,2020-03-31,improvement_core,24,0.03264093329586748,EU
rotation_24m_two_sleeve,2020-04-30,improvement_core,24,0.03519888673970728,EU
rotation_24m_two_sleeve,2020-05-31,improvement_core,24,0.044658000076943205,EU
rotation_24m_two_sleeve,2020-06-30,improvement_core,24,0.04521457573102583,EU
rotation_24m_two_sleeve,2020-07-31,improvement_core,24,0.053286916948279694,EU
rotation_24m_two_sleeve,2020-08-31,improvement_core,24,0.05065924462479776,EU
rotation_24m_two_sleeve,2020-09-30,improvement_core,24,0.046251148250728846,EU
rotation_24m_two_sleeve,2020-10-31,improvement_core,24,0.047769154363476174,EU
rotation_24m_two_sleeve,2020-11-30,improvement_core,24,0.05128923200011526,EU
rotation_24m_two_sleeve,2020-12-31,improvement_core,24,0.04877048932146644,EU
rotation_24m_two_sleeve,2021-01-31,baseline_raw,24,0.04324291173804329,EU
rotation_24m_two_sleeve,2021-02-28,baseline_raw,24,0.054653642201977215,EU
rotation_24m_two_sleeve,2021-03-31,improvement_core,24,0.050512189825305365,EU
rotation_24m_two_sleeve,2021-04-30,improvement_core,24,0.05107193443330371,EU
rotation_24m_two_sleeve,2021-05-31,improvement_core,24,0.04553881753319389,EU
rotation_24m_two_sleeve,2021-06-30,improvement_core,24,0.0395794195561181,EU
rotation_24m_two_sleeve,2021-07-31,improvement_core,24,0.03280942062277603,EU
rotation_24m_two_sleeve,2021-08-31,improvement_core,24,0.02215801116395566,EU
rotation_24m_two_sleeve,2021-09-30,baseline_raw,24,0.028891536779809934,EU
rotation_24m_two_sleeve,2021-10-31,baseline_raw,24,0.033169730889963,EU
rotation_24m_two_sleeve,2021-11-30,baseline_raw,24,0.027242293428682673,EU
rotation_24m_two_sleeve,2021-12-31,baseline_raw,24,0.02654363531970705,EU
rotation_24m_two_sleeve,2022-01-31,improvement_core,24,0.03478392790952367,EU
rotation_24m_two_sleeve,2022-02-28,improvement_core,24,0.018062061704983368,EU
rotation_24m_two_sleeve,2022-03-31,baseline_raw,24,0.02118955724578475,EU
rotation_24m_two_sleeve,2022-04-30,baseline_raw,24,0.025446908317528383,EU
rotation_24m_two_sleeve,2022-05-31,baseline_raw,24,0.026377505412626512,EU
rotation_24m_two_sleeve,2022-06-30,baseline_raw,24,0.033707742778186445,EU
rotation_24m_two_sleeve,2022-07-31,baseline_raw,24,0.028347640887744996,EU
rotation_24m_two_sleeve,2022-08-31,baseline_raw,24,0.030182550646645545,EU
rotation_24m_two_sleeve,2022-09-30,baseline_raw,24,0.030776044622184306,EU
rotation_24m_two_sleeve,2022-10-31,baseline_raw,24,0.03845490334728763,EU
rotation_24m_two_sleeve,2022-11-30,baseline_raw,24,0.03661291020900381,EU
rotation_24m_two_sleeve,2022-12-31,baseline_raw,24,0.03494787438957947,EU
rotation_24m_two_sleeve,2023-01-31,baseline_raw,24,0.020440263233021616,EU
rotation_24m_two_sleeve,2023-02-28,baseline_raw,24,0.014134832067239866,EU
rotation_24m_two_sleeve,2023-03-31,baseline_raw,24,0.01643936392449863,EU
rotation_24m_two_sleeve,2023-04-30,baseline_raw,24,0.021537330219679074,EU
rotation_24m_two_sleeve,2023-05-31,baseline_raw,24,0.025317378370234955,EU
rotation_24m_two_sleeve,2023-06-30,baseline_raw,24,0.03390121852973249,EU
rotation_24m_two_sleeve,2023-07-31,baseline_raw,24,0.028105639678218886,EU
rotation_24m_two_sleeve,2023-08-31,baseline_raw,24,0.045200241945015485,EU
rotation_24m_two_sleeve,2023-09-30,baseline_raw,24,0.03748537798429763,EU
rotation_24m_two_sleeve,2023-10-31,baseline_raw,24,0.03835429696001946,EU
rotation_24m_two_sleeve,2023-11-30,baseline_raw,24,0.048872815636419764,EU
rotation_24m_two_sleeve,2023-12-31,baseline_raw,24,0.05730841493380234,EU
rotation_24m_two_sleeve,2024-01-31,baseline_raw,24,0.0537772942567849,EU
rotation_24m_two_sleeve,2024-02-29,baseline_raw,24,0.071881183353119,EU
rotation_24m_two_sleeve,2024-03-31,baseline_raw,24,0.05799801881264699,EU
rotation_24m_two_sleeve,2024-04-30,baseline_raw,24,0.030995006691219906,EU
rotation_24m_two_sleeve,2024-05-31,baseline_raw,24,0.03751164754404135,EU
rotation_24m_two_sleeve,2024-06-30,baseline_raw,24,0.03032935967825834,EU
rotation_24m_two_sleeve,2024-07-31,baseline_raw,24,0.03467192933265273,EU
rotation_24m_two_sleeve,2024-08-31,baseline_raw,24,0.03349023758611569,EU
rotation_24m_two_sleeve,2024-09-30,baseline_raw,24,0.030409280182847054,EU
rotation_24m_two_sleeve,2024-10-31,baseline_raw,24,0.022054660818131344,EU
rotation_24m_two_sleeve,2024-11-30,baseline_raw,24,0.025162143986384944,EU
rotation_24m_two_sleeve,2024-12-31,baseline_raw,24,0.020835639421853847,EU
rotation_24m_two_sleeve,2025-01-31,baseline_raw,24,0.028236885908804688,EU
rotation_24m_two_sleeve,2025-02-28,baseline_raw,24,0.02374138894879385,EU
rotation_24m_two_sleeve,2025-03-31,baseline_raw,24,0.030336487007875057,EU
rotation_24m_two_sleeve,2025-04-30,baseline_raw,24,0.033888741386987054,EU
rotation_24m_two_sleeve,2025-05-31,baseline_raw,24,0.028270933916257013,EU
rotation_24m_two_sleeve,2025-06-30,baseline_raw,24,0.02723270354963092,EU
rotation_24m_two_sleeve,2025-07-31,baseline_raw,24,0.03703218054302293,EU
rotation_24m_two_sleeve,2025-08-31,baseline_raw,24,0.02185266826403054,EU
rotation_24m_two_sleeve,2025-09-30,baseline_raw,24,0.02778133493144508,EU
rotation_24m_two_sleeve,2025-10-31,baseline_raw,24,0.02495224825034348,EU
rotation_24m_two_sleeve,2025-11-30,baseline_raw,24,0.01768691631322561,EU
rotation_24m_two_sleeve,2025-12-31,baseline_raw,24,0.018539447237666984,EU
rotation_24m_two_sleeve,2026-01-31,baseline_raw,24,0.02853449613916359,EU
rotation_24m_two_sleeve,2026-02-28,baseline_raw,24,0.01476929425599316,EU
rotation_24m_two_sleeve,2026-03-31,baseline_raw,24,0.019637434838853274,EU
rotation_24m_two_sleeve,2026-04-30,baseline_raw,24,0.04793437729656169,EU
rotation_24m_two_sleeve,2026-05-31,baseline_raw,24,0.03498749487491959,EU
rotation_12m_three_sleeve,2010-01-31,baseline_raw,12,,EU
rotation_12m_three_sleeve,2010-02-28,baseline_raw,12,,EU
rotation_12m_three_sleeve,2010-03-31,baseline_raw,12,,EU
rotation_12m_three_sleeve,2010-04-30,baseline_raw,12,,EU
rotation_12m_three_sleeve,2010-05-31,baseline_raw,12,,EU
rotation_12m_three_sleeve,2010-06-30,baseline_raw,12,,EU
rotation_12m_three_sleeve,2010-07-31,baseline_raw,12,,EU
rotation_12m_three_sleeve,2010-08-31,baseline_raw,12,,EU
rotation_12m_three_sleeve,2010-09-30,baseline_raw,12,,EU
rotation_12m_three_sleeve,2010-10-31,baseline_raw,12,,EU
rotation_12m_three_sleeve,2010-11-30,baseline_raw,12,,EU
rotation_12m_three_sleeve,2010-12-31,baseline_raw,12,,EU
rotation_12m_three_sleeve,2011-01-31,baseline_raw,12,0.02493966678429227,EU
rotation_12m_three_sleeve,2011-02-28,baseline_raw,12,0.023028602174751223,EU
rotation_12m_three_sleeve,2011-03-31,baseline_raw,12,0.022160888385557964,EU
rotation_12m_three_sleeve,2011-04-30,improvement_core,12,0.048324697491947344,EU
rotation_12m_three_sleeve,2011-05-31,improvement_core,12,0.0389605810280953,EU
rotation_12m_three_sleeve,2011-06-30,improvement_core,12,0.040813973020354055,EU
rotation_12m_three_sleeve,2011-07-31,improvement_core,12,0.04112688194940173,EU
rotation_12m_three_sleeve,2011-08-31,improvement_core,12,0.04064256542036704,EU
rotation_12m_three_sleeve,2011-09-30,improvement_core,12,0.029183482057451027,EU
rotation_12m_three_sleeve,2011-10-31,improvement_core,12,0.03210273376446393,EU
rotation_12m_three_sleeve,2011-11-30,improvement_core,12,0.022530248728948488,EU
rotation_12m_three_sleeve,2011-12-31,improvement_core,12,0.02381310225737887,EU
rotation_12m_three_sleeve,2012-01-31,improvement_core,12,0.022324012083769773,EU
rotation_12m_three_sleeve,2012-02-29,improvement_core,12,0.021568297247266166,EU
rotation_12m_three_sleeve,2012-03-31,improvement_core,12,0.026910670824189298,EU
rotation_12m_three_sleeve,2012-04-30,improvement_core,12,0.018692080460495752,EU
rotation_12m_three_sleeve,2012-05-31,improvement_core,12,0.023542465058021156,EU
rotation_12m_three_sleeve,2012-06-30,improvement_core,12,0.012832005282000791,EU
rotation_12m_three_sleeve,2012-07-31,improvement_core,12,0.015696383532012526,EU
rotation_12m_three_sleeve,2012-08-31,improvement_core,12,0.012914180994544333,EU
rotation_12m_three_sleeve,2012-09-30,baseline_raw,12,0.010468377069384749,EU
rotation_12m_three_sleeve,2012-10-31,baseline_raw,12,0.007009190312548874,EU
rotation_12m_three_sleeve,2012-11-30,baseline_raw,12,0.010181707296449627,EU
rotation_12m_three_sleeve,2012-12-31,baseline_raw,12,0.011205257304218952,EU
rotation_12m_three_sleeve,2013-01-31,baseline_raw,12,0.01926698346221878,EU
rotation_12m_three_sleeve,2013-02-28,baseline_raw,12,0.025984492861933273,EU
rotation_12m_three_sleeve,2013-03-31,baseline_raw,12,0.021002411711227742,EU
rotation_12m_three_sleeve,2013-04-30,baseline_raw,12,0.015502168215973722,EU
rotation_12m_three_sleeve,2013-05-31,baseline_raw,12,0.009793233055375605,EU
rotation_12m_three_sleeve,2013-06-30,baseline_raw,12,0.02123532002178008,EU
rotation_12m_three_sleeve,2013-07-31,baseline_raw,12,0.017569824071159923,EU
rotation_12m_three_sleeve,2013-08-31,baseline_raw,12,0.01324664414512755,EU
rotation_12m_three_sleeve,2013-09-30,baseline_raw,12,0.01830263840696711,EU
rotation_12m_three_sleeve,2013-10-31,baseline_raw,12,0.022516553437376574,EU
rotation_12m_three_sleeve,2013-11-30,baseline_raw,12,0.02034024282864899,EU
rotation_12m_three_sleeve,2013-12-31,baseline_raw,12,0.02384627725219346,EU
rotation_12m_three_sleeve,2014-01-31,baseline_raw,12,0.027544952386052257,EU
rotation_12m_three_sleeve,2014-02-28,baseline_raw,12,0.020596957323908427,EU
rotation_12m_three_sleeve,2014-03-31,baseline_raw,12,0.01723683672048404,EU
rotation_12m_three_sleeve,2014-04-30,baseline_raw,12,0.015269676236001173,EU
rotation_12m_three_sleeve,2014-05-31,baseline_raw,12,0.014701995339321705,EU
rotation_12m_three_sleeve,2014-06-30,baseline_raw,12,0.008818718102855172,EU
rotation_12m_three_sleeve,2014-07-31,baseline_raw,12,0.0051879320555017205,EU
rotation_12m_three_sleeve,2014-08-31,baseline_raw,12,0.008347210482193557,EU
rotation_12m_three_sleeve,2014-09-30,baseline_raw,12,0.005687896698301165,EU
rotation_12m_three_sleeve,2014-10-31,baseline_raw,12,0.00527468404658582,EU
rotation_12m_three_sleeve,2014-11-30,baseline_raw,12,0.012071759316859554,EU
rotation_12m_three_sleeve,2014-12-31,baseline_raw,12,0.0129972248365402,EU
rotation_12m_three_sleeve,2015-01-31,baseline_raw,12,0.01844919468813777,EU
rotation_12m_three_sleeve,2015-02-28,baseline_raw,12,0.010393588516798502,EU
rotation_12m_three_sleeve,2015-03-31,baseline_raw,12,0.01648303913367921,EU
rotation_12m_three_sleeve,2015-04-30,baseline_raw,12,0.010675708066278933,EU
rotation_12m_three_sleeve,2015-05-31,baseline_raw,12,0.011701717187192262,EU
rotation_12m_three_sleeve,2015-06-30,baseline_raw,12,0.01496588744805738,EU
rotation_12m_three_sleeve,2015-07-31,baseline_raw,12,0.02259304949292562,EU
rotation_12m_three_sleeve,2015-08-31,baseline_raw,12,0.023023949343713213,EU
rotation_12m_three_sleeve,2015-09-30,baseline_raw,12,0.02354772341945055,EU
rotation_12m_three_sleeve,2015-10-31,baseline_raw,12,0.017374407184348906,EU
rotation_12m_three_sleeve,2015-11-30,baseline_raw,12,0.007330838228965186,EU
rotation_12m_three_sleeve,2015-12-31,baseline_raw,12,0.008968486728536895,EU
rotation_12m_three_sleeve,2016-01-31,baseline_raw,12,0.0009938383998038258,EU
rotation_12m_three_sleeve,2016-02-29,baseline_raw,12,0.006417350643377784,EU
rotation_12m_three_sleeve,2016-03-31,baseline_raw,12,0.004508834649259885,EU
rotation_12m_three_sleeve,2016-04-30,baseline_raw,12,0.0007607820980524149,EU
rotation_12m_three_sleeve,2016-05-31,baseline_raw,12,0.0012939155448794537,EU
rotation_12m_three_sleeve,2016-06-30,baseline_raw,12,0.005011458581692496,EU
rotation_12m_three_sleeve,2016-07-31,baseline_raw,12,-0.00017755030268129524,EU
rotation_12m_three_sleeve,2016-08-31,baseline_raw,12,-0.005830483530826047,EU
rotation_12m_three_sleeve,2016-09-30,baseline_raw,12,-0.002385325347060041,EU
rotation_12m_three_sleeve,2016-10-31,improvement_core,12,0.002767828339863332,EU
rotation_12m_three_sleeve,2016-11-30,improvement_core,12,0.00524300990934079,EU
rotation_12m_three_sleeve,2016-12-31,improvement_core,12,0.0004311818718176763,EU
rotation_12m_three_sleeve,2017-01-31,improvement_core,12,0.0044822376698934185,EU
rotation_12m_three_sleeve,2017-02-28,improvement_core,12,0.006017584266411413,EU
rotation_12m_three_sleeve,2017-03-31,improvement_core,12,0.0013365747611282508,EU
rotation_12m_three_sleeve,2017-04-30,improvement_core,12,0.007217131756710904,EU
rotation_12m_three_sleeve,2017-05-31,revision_sleeve,12,-0.0006011465705791919,EU
rotation_12m_three_sleeve,2017-06-30,improvement_core,12,-0.0013328413653338478,EU
rotation_12m_three_sleeve,2017-07-31,improvement_core,12,-0.002162696657527663,EU
rotation_12m_three_sleeve,2017-08-31,improvement_core,12,0.009746150267769593,EU
rotation_12m_three_sleeve,2017-09-30,improvement_core,12,0.0046287381862870625,EU
rotation_12m_three_sleeve,2017-10-31,improvement_core,12,0.0013399428879206088,EU
rotation_12m_three_sleeve,2017-11-30,improvement_core,12,-0.005201733047543011,EU
rotation_12m_three_sleeve,2017-12-31,improvement_core,12,0.0026524046666447365,EU
rotation_12m_three_sleeve,2018-01-31,baseline_raw,12,-0.0065684630402431665,EU
rotation_12m_three_sleeve,2018-02-28,baseline_raw,12,0.0036222949729542986,EU
rotation_12m_three_sleeve,2018-03-31,baseline_raw,12,-0.0007657035431117842,EU
rotation_12m_three_sleeve,2018-04-30,improvement_core,12,-0.0017895511012755438,EU
rotation_12m_three_sleeve,2018-05-31,revision_sleeve,12,0.010397794231936874,EU
rotation_12m_three_sleeve,2018-06-30,revision_sleeve,12,0.009081261570062171,EU
rotation_12m_three_sleeve,2018-07-31,revision_sleeve,12,0.008730348785324304,EU
rotation_12m_three_sleeve,2018-08-31,revision_sleeve,12,0.012242250760840845,EU
rotation_12m_three_sleeve,2018-09-30,revision_sleeve,12,0.01031569670826471,EU
rotation_12m_three_sleeve,2018-10-31,revision_sleeve,12,0.008262903475846128,EU
rotation_12m_three_sleeve,2018-11-30,revision_sleeve,12,0.001967113273353638,EU
rotation_12m_three_sleeve,2018-12-31,baseline_raw,12,0.0012364784453546829,EU
rotation_12m_three_sleeve,2019-01-31,baseline_raw,12,0.0021460616432513735,EU
rotation_12m_three_sleeve,2019-02-28,improvement_core,12,0.0012638718868593912,EU
rotation_12m_three_sleeve,2019-03-31,baseline_raw,12,0.012683344077310421,EU
rotation_12m_three_sleeve,2019-04-30,baseline_raw,12,0.005823493191963847,EU
rotation_12m_three_sleeve,2019-05-31,baseline_raw,12,0.010940263104894266,EU
rotation_12m_three_sleeve,2019-06-30,baseline_raw,12,0.013881463463530475,EU
rotation_12m_three_sleeve,2019-07-31,baseline_raw,12,0.024151162431415907,EU
rotation_12m_three_sleeve,2019-08-31,baseline_raw,12,0.028510458986573672,EU
rotation_12m_three_sleeve,2019-09-30,baseline_raw,12,0.018914204053551487,EU
rotation_12m_three_sleeve,2019-10-31,improvement_core,12,0.015698207302415446,EU
rotation_12m_three_sleeve,2019-11-30,baseline_raw,12,0.02000102128827219,EU
rotation_12m_three_sleeve,2019-12-31,improvement_core,12,0.02014890188911611,EU
rotation_12m_three_sleeve,2020-01-31,revision_sleeve,12,0.02553754094153926,EU
rotation_12m_three_sleeve,2020-02-29,revision_sleeve,12,0.02958727654712967,EU
rotation_12m_three_sleeve,2020-03-31,improvement_core,12,0.032775868243761996,EU
rotation_12m_three_sleeve,2020-04-30,improvement_core,12,0.04332992026874627,EU
rotation_12m_three_sleeve,2020-05-31,improvement_core,12,0.03920866412423463,EU
rotation_12m_three_sleeve,2020-06-30,improvement_core,12,0.036727746254976656,EU
rotation_12m_three_sleeve,2020-07-31,improvement_core,12,0.036895161645122965,EU
rotation_12m_three_sleeve,2020-08-31,improvement_core,12,0.025022535919528632,EU
rotation_12m_three_sleeve,2020-09-30,improvement_core,12,0.02732876111980853,EU
rotation_12m_three_sleeve,2020-10-31,improvement_core,12,0.03157527189718823,EU
rotation_12m_three_sleeve,2020-11-30,revision_sleeve,12,0.03670503737122632,EU
rotation_12m_three_sleeve,2020-12-31,revision_sleeve,12,0.038368279362821944,EU
rotation_12m_three_sleeve,2021-01-31,revision_sleeve,12,0.03247104097709275,EU
rotation_12m_three_sleeve,2021-02-28,revision_sleeve,12,0.04569425897577273,EU
rotation_12m_three_sleeve,2021-03-31,revision_sleeve,12,0.044423322697855205,EU
rotation_12m_three_sleeve,2021-04-30,revision_sleeve,12,0.03611520840425664,EU
rotation_12m_three_sleeve,2021-05-31,revision_sleeve,12,0.03468739663018128,EU
rotation_12m_three_sleeve,2021-06-30,revision_sleeve,12,0.030601338604762773,EU
rotation_12m_three_sleeve,2021-07-31,revision_sleeve,12,0.023539335470454725,EU
rotation_12m_three_sleeve,2021-08-31,revision_sleeve,12,0.015723928156324618,EU
rotation_12m_three_sleeve,2021-09-30,revision_sleeve,12,0.022604465575777333,EU
rotation_12m_three_sleeve,2021-10-31,revision_sleeve,12,0.02385560962031308,EU
rotation_12m_three_sleeve,2021-11-30,baseline_raw,12,0.008840694229800938,EU
rotation_12m_three_sleeve,2021-12-31,baseline_raw,12,0.002313392262370373,EU
rotation_12m_three_sleeve,2022-01-31,improvement_core,12,0.015284507425203264,EU
rotation_12m_three_sleeve,2022-02-28,improvement_core,12,-0.004385320315736241,EU
rotation_12m_three_sleeve,2022-03-31,baseline_raw,12,-0.007512353834903118,EU
rotation_12m_three_sleeve,2022-04-30,baseline_raw,12,-0.0007695379807416414,EU
rotation_12m_three_sleeve,2022-05-31,baseline_raw,12,0.0011065459955936774,EU
rotation_12m_three_sleeve,2022-06-30,baseline_raw,12,0.012671985339921976,EU
rotation_12m_three_sleeve,2022-07-31,baseline_raw,12,0.014299755034271167,EU
rotation_12m_three_sleeve,2022-08-31,baseline_raw,12,0.022541185729723745,EU
rotation_12m_three_sleeve,2022-09-30,baseline_raw,12,0.01836771102937851,EU
rotation_12m_three_sleeve,2022-10-31,baseline_raw,12,0.027595893842206287,EU
rotation_12m_three_sleeve,2022-11-30,baseline_raw,12,0.027528841905416934,EU
rotation_12m_three_sleeve,2022-12-31,baseline_raw,12,0.032559160018353905,EU
rotation_12m_three_sleeve,2023-01-31,baseline_raw,12,0.01907405674555651,EU
rotation_12m_three_sleeve,2023-02-28,baseline_raw,12,0.02980778529747541,EU
rotation_12m_three_sleeve,2023-03-31,baseline_raw,12,0.024133013495885036,EU
rotation_12m_three_sleeve,2023-04-30,revision_sleeve,12,0.02320597954234893,EU
rotation_12m_three_sleeve,2023-05-31,revision_sleeve,12,0.025828867334948047,EU
rotation_12m_three_sleeve,2023-06-30,revision_sleeve,12,0.029678990761542234,EU
rotation_12m_three_sleeve,2023-07-31,revision_sleeve,12,0.02165666133083599,EU
rotation_12m_three_sleeve,2023-08-31,revision_sleeve,12,0.027287138608735884,EU
rotation_12m_three_sleeve,2023-09-30,revision_sleeve,12,0.020512058893858542,EU
rotation_12m_three_sleeve,2023-10-31,baseline_raw,12,0.01046948823198135,EU
rotation_12m_three_sleeve,2023-11-30,baseline_raw,12,0.020772140752198798,EU
rotation_12m_three_sleeve,2023-12-31,baseline_raw,12,0.023968849315140872,EU
rotation_12m_three_sleeve,2024-01-31,baseline_raw,12,0.03405369539290892,EU
rotation_12m_three_sleeve,2024-02-29,baseline_raw,12,0.04085558359173791,EU
rotation_12m_three_sleeve,2024-03-31,baseline_raw,12,0.03306699898401266,EU
rotation_12m_three_sleeve,2024-04-30,baseline_raw,12,0.008481615306289214,EU
rotation_12m_three_sleeve,2024-05-31,baseline_raw,12,0.013012871735370135,EU
rotation_12m_three_sleeve,2024-06-30,baseline_raw,12,0.009173467948076386,EU
rotation_12m_three_sleeve,2024-07-31,baseline_raw,12,0.020777869472065058,EU
rotation_12m_three_sleeve,2024-08-31,baseline_raw,12,0.011085044349802953,EU
rotation_12m_three_sleeve,2024-09-30,baseline_raw,12,0.011422003963044824,EU
rotation_12m_three_sleeve,2024-10-31,improvement_core,12,0.013106572904466152,EU
rotation_12m_three_sleeve,2024-11-30,improvement_core,12,0.007857102633495705,EU
rotation_12m_three_sleeve,2024-12-31,improvement_core,12,0.006567497999026672,EU
rotation_12m_three_sleeve,2025-01-31,improvement_core,12,0.005285547292517734,EU
rotation_12m_three_sleeve,2025-02-28,improvement_core,12,-0.008447279503818628,EU
rotation_12m_three_sleeve,2025-03-31,improvement_core,12,0.002420360866927096,EU
rotation_12m_three_sleeve,2025-04-30,baseline_raw,12,0.02519344497220377,EU
rotation_12m_three_sleeve,2025-05-31,baseline_raw,12,0.015062061506433189,EU
rotation_12m_three_sleeve,2025-06-30,baseline_raw,12,0.01789507569820814,EU
rotation_12m_three_sleeve,2025-07-31,baseline_raw,12,0.015923455589181845,EU
rotation_12m_three_sleeve,2025-08-31,baseline_raw,12,0.010649572926035855,EU
rotation_12m_three_sleeve,2025-09-30,baseline_raw,12,0.016174584796751157,EU
rotation_12m_three_sleeve,2025-10-31,baseline_raw,12,0.01333423099181652,EU
rotation_12m_three_sleeve,2025-11-30,baseline_raw,12,0.013328923892015343,EU
rotation_12m_three_sleeve,2025-12-31,baseline_raw,12,0.021665609520358897,EU
rotation_12m_three_sleeve,2026-01-31,baseline_raw,12,0.034352989225592045,EU
rotation_12m_three_sleeve,2026-02-28,baseline_raw,12,0.03173349967647865,EU
rotation_12m_three_sleeve,2026-03-31,baseline_raw,12,0.022339593077693953,EU
rotation_12m_three_sleeve,2026-04-30,baseline_raw,12,0.02218208908366015,EU
rotation_12m_three_sleeve,2026-05-31,baseline_raw,12,0.019629768586676644,EU
rotation_12m_two_sleeve,2010-01-31,baseline_raw,12,,US
rotation_12m_two_sleeve,2010-02-28,baseline_raw,12,,US
rotation_12m_two_sleeve,2010-03-31,baseline_raw,12,,US
rotation_12m_two_sleeve,2010-04-30,baseline_raw,12,,US
rotation_12m_two_sleeve,2010-05-31,baseline_raw,12,,US
rotation_12m_two_sleeve,2010-06-30,baseline_raw,12,,US
rotation_12m_two_sleeve,2010-07-31,baseline_raw,12,,US
rotation_12m_two_sleeve,2010-08-31,baseline_raw,12,,US
rotation_12m_two_sleeve,2010-09-30,baseline_raw,12,,US
rotation_12m_two_sleeve,2010-10-31,baseline_raw,12,,US
rotation_12m_two_sleeve,2010-11-30,baseline_raw,12,,US
rotation_12m_two_sleeve,2010-12-31,baseline_raw,12,,US
rotation_12m_two_sleeve,2011-01-31,baseline_raw,12,0.006459086039918738,US
rotation_12m_two_sleeve,2011-02-28,baseline_raw,12,0.006714573586254824,US
rotation_12m_two_sleeve,2011-03-31,baseline_raw,12,0.005632959115853042,US
rotation_12m_two_sleeve,2011-04-30,baseline_raw,12,0.0039909809854346,US
rotation_12m_two_sleeve,2011-05-31,improvement_core,12,-0.001560908550370721,US
rotation_12m_two_sleeve,2011-06-30,improvement_core,12,0.002036483629161534,US
rotation_12m_two_sleeve,2011-07-31,baseline_raw,12,0.003751008353009011,US
rotation_12m_two_sleeve,2011-08-31,baseline_raw,12,0.0013630695545947535,US
rotation_12m_two_sleeve,2011-09-30,improvement_core,12,-0.004246583141870985,US
rotation_12m_two_sleeve,2011-10-31,improvement_core,12,-0.003055172830456643,US
rotation_12m_two_sleeve,2011-11-30,baseline_raw,12,-0.008671862077071602,US
rotation_12m_two_sleeve,2011-12-31,baseline_raw,12,0.0003409011678823237,US
rotation_12m_two_sleeve,2012-01-31,baseline_raw,12,-0.0006942514324025373,US
rotation_12m_two_sleeve,2012-02-29,improvement_core,12,0.0012655448984022488,US
rotation_12m_two_sleeve,2012-03-31,improvement_core,12,0.00655533809525588,US
rotation_12m_two_sleeve,2012-04-30,improvement_core,12,0.0126951058596807,US
rotation_12m_two_sleeve,2012-05-31,improvement_core,12,0.014990547818920508,US
rotation_12m_two_sleeve,2012-06-30,improvement_core,12,0.017751013637392843,US
rotation_12m_two_sleeve,2012-07-31,improvement_core,12,0.016313678522678732,US
rotation_12m_two_sleeve,2012-08-31,improvement_core,12,0.019212939641951365,US
rotation_12m_two_sleeve,2012-09-30,improvement_core,12,0.02349287564318936,US
rotation_12m_two_sleeve,2012-10-31,improvement_core,12,0.023270013315693117,US
rotation_12m_two_sleeve,2012-11-30,improvement_core,12,0.028030393023749323,US
rotation_12m_two_sleeve,2012-12-31,improvement_core,12,0.03106378026737544,US
rotation_12m_two_sleeve,2013-01-31,improvement_core,12,0.020089059161024103,US
rotation_12m_two_sleeve,2013-02-28,improvement_core,12,0.015602444784077019,US
rotation_12m_two_sleeve,2013-03-31,improvement_core,12,0.009798167069614117,US
rotation_12m_two_sleeve,2013-04-30,improvement_core,12,0.010064271717943996,US
rotation_12m_two_sleeve,2013-05-31,improvement_core,12,0.012834258222486739,US
rotation_12m_two_sleeve,2013-06-30,improvement_core,12,0.010317376543060197,US
rotation_12m_two_sleeve,2013-07-31,improvement_core,12,0.012039439131438678,US
rotation_12m_two_sleeve,2013-08-31,improvement_core,12,0.011161099449413792,US
rotation_12m_two_sleeve,2013-09-30,improvement_core,12,0.009613244132949728,US
rotation_12m_two_sleeve,2013-10-31,improvement_core,12,0.004064673448303413,US
rotation_12m_two_sleeve,2013-11-30,baseline_raw,12,0.0014451786265083921,US
rotation_12m_two_sleeve,2013-12-31,baseline_raw,12,0.0011966316548561728,US
rotation_12m_two_sleeve,2014-01-31,baseline_raw,12,0.0032867541201073713,US
rotation_12m_two_sleeve,2014-02-28,baseline_raw,12,0.011924114962710952,US
rotation_12m_two_sleeve,2014-03-31,baseline_raw,12,0.008347997535200324,US
rotation_12m_two_sleeve,2014-04-30,baseline_raw,12,0.009103263307381537,US
rotation_12m_two_sleeve,2014-05-31,baseline_raw,12,0.006336058474977202,US
rotation_12m_two_sleeve,2014-06-30,baseline_raw,12,0.0031087479203946167,US
rotation_12m_two_sleeve,2014-07-31,baseline_raw,12,0.0047851379516454795,US
rotation_12m_two_sleeve,2014-08-31,baseline_raw,12,0.0042948397619531065,US
rotation_12m_two_sleeve,2014-09-30,improvement_core,12,0.003048371938790595,US
rotation_12m_two_sleeve,2014-10-31,improvement_core,12,0.009094454653038708,US
rotation_12m_two_sleeve,2014-11-30,improvement_core,12,0.0167207425646152,US
rotation_12m_two_sleeve,2014-12-31,improvement_core,12,0.017746541673324234,US
rotation_12m_two_sleeve,2015-01-31,improvement_core,12,0.020024118187433437,US
rotation_12m_two_sleeve,2015-02-28,improvement_core,12,0.030755632933651134,US
rotation_12m_two_sleeve,2015-03-31,improvement_core,12,0.030719894977089046,US
rotation_12m_two_sleeve,2015-04-30,improvement_core,12,0.02695619879537836,US
rotation_12m_two_sleeve,2015-05-31,improvement_core,12,0.029940977786864664,US
rotation_12m_two_sleeve,2015-06-30,improvement_core,12,0.034167460329196375,US
rotation_12m_two_sleeve,2015-07-31,improvement_core,12,0.04214487806220468,US
rotation_12m_two_sleeve,2015-08-31,improvement_core,12,0.038580693828834,US
rotation_12m_two_sleeve,2015-09-30,improvement_core,12,0.04284843677203476,US
rotation_12m_two_sleeve,2015-10-31,improvement_core,12,0.03663227857215956,US
rotation_12m_two_sleeve,2015-11-30,improvement_core,12,0.03216251220294164,US
rotation_12m_two_sleeve,2015-12-31,improvement_core,12,0.03109359234839948,US
rotation_12m_two_sleeve,2016-01-31,improvement_core,12,0.03325653012863983,US
rotation_12m_two_sleeve,2016-02-29,improvement_core,12,0.0360466537161277,US
rotation_12m_two_sleeve,2016-03-31,improvement_core,12,0.03627986431456143,US
rotation_12m_two_sleeve,2016-04-30,improvement_core,12,0.030124972225536117,US
rotation_12m_two_sleeve,2016-05-31,improvement_core,12,0.02736663901224312,US
rotation_12m_two_sleeve,2016-06-30,improvement_core,12,0.022629696622991302,US
rotation_12m_two_sleeve,2016-07-31,improvement_core,12,0.02398219280079128,US
rotation_12m_two_sleeve,2016-08-31,improvement_core,12,0.012069412583054495,US
rotation_12m_two_sleeve,2016-09-30,improvement_core,12,0.007692354850560301,US
rotation_12m_two_sleeve,2016-10-31,improvement_core,12,0.00786399551910777,US
rotation_12m_two_sleeve,2016-11-30,baseline_raw,12,0.009765368025371757,US
rotation_12m_two_sleeve,2016-12-31,baseline_raw,12,0.004090774421295906,US
rotation_12m_two_sleeve,2017-01-31,baseline_raw,12,0.013340617539314259,US
rotation_12m_two_sleeve,2017-02-28,baseline_raw,12,0.004648488200965639,US
rotation_12m_two_sleeve,2017-03-31,baseline_raw,12,0.005639787894016646,US
rotation_12m_two_sleeve,2017-04-30,baseline_raw,12,0.013604879515278334,US
rotation_12m_two_sleeve,2017-05-31,baseline_raw,12,0.01129127502155769,US
rotation_12m_two_sleeve,2017-06-30,baseline_raw,12,0.0045566774469461,US
rotation_12m_two_sleeve,2017-07-31,baseline_raw,12,0.002563290035300092,US
rotation_12m_two_sleeve,2017-08-31,baseline_raw,12,0.0059222890981391885,US
rotation_12m_two_sleeve,2017-09-30,baseline_raw,12,0.014106395330390153,US
rotation_12m_two_sleeve,2017-10-31,baseline_raw,12,0.012111418656197248,US
rotation_12m_two_sleeve,2017-11-30,baseline_raw,12,0.002155845882711116,US
rotation_12m_two_sleeve,2017-12-31,baseline_raw,12,0.005325827998966304,US
rotation_12m_two_sleeve,2018-01-31,baseline_raw,12,0.007329696921626105,US
rotation_12m_two_sleeve,2018-02-28,baseline_raw,12,0.009940754099114324,US
rotation_12m_two_sleeve,2018-03-31,baseline_raw,12,0.004057748878997236,US
rotation_12m_two_sleeve,2018-04-30,baseline_raw,12,0.0014527649267448428,US
rotation_12m_two_sleeve,2018-05-31,baseline_raw,12,0.006356580230882258,US
rotation_12m_two_sleeve,2018-06-30,baseline_raw,12,0.005932380859898778,US
rotation_12m_two_sleeve,2018-07-31,baseline_raw,12,0.009891773699513218,US
rotation_12m_two_sleeve,2018-08-31,baseline_raw,12,0.015547795111801932,US
rotation_12m_two_sleeve,2018-09-30,baseline_raw,12,0.008045046003828826,US
rotation_12m_two_sleeve,2018-10-31,baseline_raw,12,-0.00032837227529414204,US
rotation_12m_two_sleeve,2018-11-30,baseline_raw,12,0.0015656149033651534,US
rotation_12m_two_sleeve,2018-12-31,baseline_raw,12,-0.0010267543361147657,US
rotation_12m_two_sleeve,2019-01-31,improvement_core,12,-0.0010242517644993843,US
rotation_12m_two_sleeve,2019-02-28,improvement_core,12,0.006004702934807593,US
rotation_12m_two_sleeve,2019-03-31,improvement_core,12,0.002225890824383292,US
rotation_12m_two_sleeve,2019-04-30,improvement_core,12,0.001899700198983778,US
rotation_12m_two_sleeve,2019-05-31,improvement_core,12,0.0021990799589144405,US
rotation_12m_two_sleeve,2019-06-30,improvement_core,12,0.004707326788839339,US
rotation_12m_two_sleeve,2019-07-31,improvement_core,12,0.009428329897737342,US
rotation_12m_two_sleeve,2019-08-31,improvement_core,12,0.011967892706811867,US
rotation_12m_two_sleeve,2019-09-30,improvement_core,12,0.007206782825958102,US
rotation_12m_two_sleeve,2019-10-31,improvement_core,12,0.012439025915414126,US
rotation_12m_two_sleeve,2019-11-30,improvement_core,12,0.0042087269749344625,US
rotation_12m_two_sleeve,2019-12-31,improvement_core,12,0.00769720653033934,US
rotation_12m_two_sleeve,2020-01-31,improvement_core,12,0.006890069175108593,US
rotation_12m_two_sleeve,2020-02-29,baseline_raw,12,0.01288440398814683,US
rotation_12m_two_sleeve,2020-03-31,improvement_core,12,0.0344849147345041,US
rotation_12m_two_sleeve,2020-04-30,baseline_raw,12,0.0336564125955261,US
rotation_12m_two_sleeve,2020-05-31,baseline_raw,12,0.03044737134197728,US
rotation_12m_two_sleeve,2020-06-30,baseline_raw,12,0.033665803054585774,US
rotation_12m_two_sleeve,2020-07-31,baseline_raw,12,0.038471464698709656,US
rotation_12m_two_sleeve,2020-08-31,baseline_raw,12,0.03430802715939363,US
rotation_12m_two_sleeve,2020-09-30,baseline_raw,12,0.04446290581314649,US
rotation_12m_two_sleeve,2020-10-31,improvement_core,12,0.04077711635799752,US
rotation_12m_two_sleeve,2020-11-30,improvement_core,12,0.045196849426387464,US
rotation_12m_two_sleeve,2020-12-31,improvement_core,12,0.04342830557083466,US
rotation_12m_two_sleeve,2021-01-31,improvement_core,12,0.042924174550174055,US
rotation_12m_two_sleeve,2021-02-28,improvement_core,12,0.03381927505489579,US
rotation_12m_two_sleeve,2021-03-31,improvement_core,12,0.014686797414091401,US
rotation_12m_two_sleeve,2021-04-30,improvement_core,12,0.02040818172315273,US
rotation_12m_two_sleeve,2021-05-31,improvement_core,12,0.031063310708753233,US
rotation_12m_two_sleeve,2021-06-30,improvement_core,12,0.027763252305650132,US
rotation_12m_two_sleeve,2021-07-31,improvement_core,12,0.01256617203539534,US
rotation_12m_two_sleeve,2021-08-31,improvement_core,12,0.01296184661854749,US
rotation_12m_two_sleeve,2021-09-30,improvement_core,12,0.019561535495155713,US
rotation_12m_two_sleeve,2021-10-31,baseline_raw,12,0.013016223155118523,US
rotation_12m_two_sleeve,2021-11-30,baseline_raw,12,0.0157927349248288,US
rotation_12m_two_sleeve,2021-12-31,baseline_raw,12,0.01856891378562886,US
rotation_12m_two_sleeve,2022-01-31,baseline_raw,12,0.026735080547479972,US
rotation_12m_two_sleeve,2022-02-28,baseline_raw,12,0.030471982640510653,US
rotation_12m_two_sleeve,2022-03-31,baseline_raw,12,0.029383221345865573,US
rotation_12m_two_sleeve,2022-04-30,baseline_raw,12,0.0474994135449236,US
rotation_12m_two_sleeve,2022-05-31,baseline_raw,12,0.03907678164598272,US
rotation_12m_two_sleeve,2022-06-30,baseline_raw,12,0.037256474983119015,US
rotation_12m_two_sleeve,2022-07-31,baseline_raw,12,0.034434918243142265,US
rotation_12m_two_sleeve,2022-08-31,baseline_raw,12,0.040371963551322665,US
rotation_12m_two_sleeve,2022-09-30,baseline_raw,12,0.05016239854685911,US
rotation_12m_two_sleeve,2022-10-31,baseline_raw,12,0.03631159693371355,US
rotation_12m_two_sleeve,2022-11-30,improvement_core,12,0.040023690962755154,US
rotation_12m_two_sleeve,2022-12-31,baseline_raw,12,0.04305457322122597,US
rotation_12m_two_sleeve,2023-01-31,improvement_core,12,0.03299164633878093,US
rotation_12m_two_sleeve,2023-02-28,improvement_core,12,0.03155238946468697,US
rotation_12m_two_sleeve,2023-03-31,improvement_core,12,0.033980097510836194,US
rotation_12m_two_sleeve,2023-04-30,improvement_core,12,0.018952447721063637,US
rotation_12m_two_sleeve,2023-05-31,improvement_core,12,0.021863499426467703,US
rotation_12m_two_sleeve,2023-06-30,improvement_core,12,0.014476657840051477,US
rotation_12m_two_sleeve,2023-07-31,improvement_core,12,0.02016051655708262,US
rotation_12m_two_sleeve,2023-08-31,improvement_core,12,0.011955295262777721,US
rotation_12m_two_sleeve,2023-09-30,improvement_core,12,0.00500673874661639,US
rotation_12m_two_sleeve,2023-10-31,improvement_core,12,0.001512781009183728,US
rotation_12m_two_sleeve,2023-11-30,baseline_raw,12,0.002255428706483098,US
rotation_12m_two_sleeve,2023-12-31,baseline_raw,12,-0.002976799084377202,US
rotation_12m_two_sleeve,2024-01-31,baseline_raw,12,0.015681322978815082,US
rotation_12m_two_sleeve,2024-02-29,baseline_raw,12,0.028488609393082065,US
rotation_12m_two_sleeve,2024-03-31,baseline_raw,12,0.023552456097973185,US
rotation_12m_two_sleeve,2024-04-30,baseline_raw,12,0.017338637673617763,US
rotation_12m_two_sleeve,2024-05-31,baseline_raw,12,0.017554917700095984,US
rotation_12m_two_sleeve,2024-06-30,baseline_raw,12,0.033276602873062,US
rotation_12m_two_sleeve,2024-07-31,baseline_raw,12,0.033130955207201884,US
rotation_12m_two_sleeve,2024-08-31,baseline_raw,12,0.03222897916475165,US
rotation_12m_two_sleeve,2024-09-30,baseline_raw,12,0.033973333656708515,US
rotation_12m_two_sleeve,2024-10-31,baseline_raw,12,0.03944481215737783,US
rotation_12m_two_sleeve,2024-11-30,baseline_raw,12,0.029670466319027033,US
rotation_12m_two_sleeve,2024-12-31,baseline_raw,12,0.030665745883983186,US
rotation_12m_two_sleeve,2025-01-31,baseline_raw,12,0.016467923568960208,US
rotation_12m_two_sleeve,2025-02-28,improvement_core,12,0.02265773221284495,US
rotation_12m_two_sleeve,2025-03-31,improvement_core,12,0.02873058387003402,US
rotation_12m_two_sleeve,2025-04-30,improvement_core,12,0.03774516984532261,US
rotation_12m_two_sleeve,2025-05-31,improvement_core,12,0.04443498847282967,US
rotation_12m_two_sleeve,2025-06-30,improvement_core,12,0.048472770408096943,US
rotation_12m_two_sleeve,2025-07-31,improvement_core,12,0.038004266821355825,US
rotation_12m_two_sleeve,2025-08-31,improvement_core,12,0.042139871361651204,US
rotation_12m_two_sleeve,2025-09-30,improvement_core,12,0.040546881183298966,US
rotation_12m_two_sleeve,2025-10-31,improvement_core,12,0.02815076060636401,US
rotation_12m_two_sleeve,2025-11-30,improvement_core,12,0.029861711670065683,US
rotation_12m_two_sleeve,2025-12-31,improvement_core,12,0.03133075599493429,US
rotation_12m_two_sleeve,2026-01-31,improvement_core,12,0.025917273550893016,US
rotation_12m_two_sleeve,2026-02-28,improvement_core,12,0.014309339672387011,US
rotation_12m_two_sleeve,2026-03-31,improvement_core,12,0.005901960505324544,US
rotation_12m_two_sleeve,2026-04-30,baseline_raw,12,0.0032005491865108038,US
rotation_12m_two_sleeve,2026-05-31,baseline_raw,12,0.010720502106477792,US
rotation_24m_two_sleeve,2010-01-31,baseline_raw,24,,US
rotation_24m_two_sleeve,2010-02-28,baseline_raw,24,,US
rotation_24m_two_sleeve,2010-03-31,baseline_raw,24,,US
rotation_24m_two_sleeve,2010-04-30,baseline_raw,24,,US
rotation_24m_two_sleeve,2010-05-31,baseline_raw,24,,US
rotation_24m_two_sleeve,2010-06-30,baseline_raw,24,,US
rotation_24m_two_sleeve,2010-07-31,baseline_raw,24,,US
rotation_24m_two_sleeve,2010-08-31,baseline_raw,24,,US
rotation_24m_two_sleeve,2010-09-30,baseline_raw,24,,US
rotation_24m_two_sleeve,2010-10-31,baseline_raw,24,,US
rotation_24m_two_sleeve,2010-11-30,baseline_raw,24,,US
rotation_24m_two_sleeve,2010-12-31,baseline_raw,24,,US
rotation_24m_two_sleeve,2011-01-31,baseline_raw,24,,US
rotation_24m_two_sleeve,2011-02-28,baseline_raw,24,,US
rotation_24m_two_sleeve,2011-03-31,baseline_raw,24,,US
rotation_24m_two_sleeve,2011-04-30,baseline_raw,24,,US
rotation_24m_two_sleeve,2011-05-31,baseline_raw,24,,US
rotation_24m_two_sleeve,2011-06-30,baseline_raw,24,,US
rotation_24m_two_sleeve,2011-07-31,baseline_raw,24,,US
rotation_24m_two_sleeve,2011-08-31,baseline_raw,24,,US
rotation_24m_two_sleeve,2011-09-30,baseline_raw,24,,US
rotation_24m_two_sleeve,2011-10-31,baseline_raw,24,,US
rotation_24m_two_sleeve,2011-11-30,baseline_raw,24,,US
rotation_24m_two_sleeve,2011-12-31,baseline_raw,24,,US
rotation_24m_two_sleeve,2012-01-31,baseline_raw,24,0.005760350377780998,US
rotation_24m_two_sleeve,2012-02-29,baseline_raw,24,0.007053985456337619,US
rotation_24m_two_sleeve,2012-03-31,baseline_raw,24,0.011879387516815942,US
rotation_24m_two_sleeve,2012-04-30,baseline_raw,24,0.009688147748455611,US
rotation_24m_two_sleeve,2012-05-31,improvement_core,24,0.013406240394284286,US
rotation_24m_two_sleeve,2012-06-30,improvement_core,24,0.019823646915227977,US
rotation_24m_two_sleeve,2012-07-31,improvement_core,24,0.011865874803277832,US
rotation_24m_two_sleeve,2012-08-31,improvement_core,24,0.018817812199587447,US
rotation_24m_two_sleeve,2012-09-30,improvement_core,24,0.01914652805165784,US
rotation_24m_two_sleeve,2012-10-31,improvement_core,24,0.02014374657279072,US
rotation_24m_two_sleeve,2012-11-30,improvement_core,24,0.018487406319652067,US
rotation_24m_two_sleeve,2012-12-31,improvement_core,24,0.016604452677113413,US
rotation_24m_two_sleeve,2013-01-31,improvement_core,24,0.017239284696475954,US
rotation_24m_two_sleeve,2013-02-28,improvement_core,24,0.01688773527687859,US
rotation_24m_two_sleeve,2013-03-31,improvement_core,24,0.01641773546272507,US
rotation_24m_two_sleeve,2013-04-30,improvement_core,24,0.02288714457248453,US
rotation_24m_two_sleeve,2013-05-31,improvement_core,24,0.028017198603011773,US
rotation_24m_two_sleeve,2013-06-30,improvement_core,24,0.02825153407217118,US
rotation_24m_two_sleeve,2013-07-31,improvement_core,24,0.02854952519370113,US
rotation_24m_two_sleeve,2013-08-31,improvement_core,24,0.030588476621424388,US
rotation_24m_two_sleeve,2013-09-30,improvement_core,24,0.033331962525082526,US
rotation_24m_two_sleeve,2013-10-31,improvement_core,24,0.02742927176926324,US
rotation_24m_two_sleeve,2013-11-30,improvement_core,24,0.028019143238881217,US
rotation_24m_two_sleeve,2013-12-31,improvement_core,24,0.02873323724956567,US
rotation_24m_two_sleeve,2014-01-31,improvement_core,24,0.01750583416146334,US
rotation_24m_two_sleeve,2014-02-28,improvement_core,24,0.014750063945049074,US
rotation_24m_two_sleeve,2014-03-31,improvement_core,24,0.010659085417508374,US
rotation_24m_two_sleeve,2014-04-30,improvement_core,24,0.012927498959575345,US
rotation_24m_two_sleeve,2014-05-31,improvement_core,24,0.013808877497469618,US
rotation_24m_two_sleeve,2014-06-30,improvement_core,24,0.011097976315527891,US
rotation_24m_two_sleeve,2014-07-31,improvement_core,24,0.011499691671939205,US
rotation_24m_two_sleeve,2014-08-31,improvement_core,24,0.013876950023994805,US
rotation_24m_two_sleeve,2014-09-30,improvement_core,24,0.012690920815396023,US
rotation_24m_two_sleeve,2014-10-31,improvement_core,24,0.013196094089697352,US
rotation_24m_two_sleeve,2014-11-30,improvement_core,24,0.01670961654178371,US
rotation_24m_two_sleeve,2014-12-31,improvement_core,24,0.015446099991645701,US
rotation_24m_two_sleeve,2015-01-31,improvement_core,24,0.017441057641304658,US
rotation_24m_two_sleeve,2015-02-28,improvement_core,24,0.029890534237065003,US
rotation_24m_two_sleeve,2015-03-31,improvement_core,24,0.03159865045324595,US
rotation_24m_two_sleeve,2015-04-30,improvement_core,24,0.0298673095500952,US
rotation_24m_two_sleeve,2015-05-31,improvement_core,24,0.030932058332271195,US
rotation_24m_two_sleeve,2015-06-30,improvement_core,24,0.034966487350773345,US
rotation_24m_two_sleeve,2015-07-31,improvement_core,24,0.041589074574103435,US
rotation_24m_two_sleeve,2015-08-31,improvement_core,24,0.041370189959193615,US
rotation_24m_two_sleeve,2015-09-30,improvement_core,24,0.046027426683102446,US
rotation_24m_two_sleeve,2015-10-31,improvement_core,24,0.04605988382150983,US
rotation_24m_two_sleeve,2015-11-30,improvement_core,24,0.04942103585433366,US
rotation_24m_two_sleeve,2015-12-31,improvement_core,24,0.049391937754108106,US
rotation_24m_two_sleeve,2016-01-31,improvement_core,24,0.053946581005872574,US
rotation_24m_two_sleeve,2016-02-29,improvement_core,24,0.06791092429995893,US
rotation_24m_two_sleeve,2016-03-31,improvement_core,24,0.06811427291317695,US
rotation_24m_two_sleeve,2016-04-30,improvement_core,24,0.057893225760931255,US
rotation_24m_two_sleeve,2016-05-31,improvement_core,24,0.05812700072987442,US
rotation_24m_two_sleeve,2016-06-30,improvement_core,24,0.05757035621381523,US
rotation_24m_two_sleeve,2016-07-31,improvement_core,24,0.06713779745424953,US
rotation_24m_two_sleeve,2016-08-31,improvement_core,24,0.05111575272344937,US
rotation_24m_two_sleeve,2016-09-30,improvement_core,24,0.05087039700303686,US
rotation_24m_two_sleeve,2016-10-31,improvement_core,24,0.04478435016581339,US
rotation_24m_two_sleeve,2016-11-30,improvement_core,24,0.034402564024963,US
rotation_24m_two_sleeve,2016-12-31,improvement_core,24,0.034555642671210585,US
rotation_24m_two_sleeve,2017-01-31,improvement_core,24,0.031617130127229665,US
rotation_24m_two_sleeve,2017-02-28,improvement_core,24,0.020531850228670656,US
rotation_24m_two_sleeve,2017-03-31,improvement_core,24,0.020731288134170356,US
rotation_24m_two_sleeve,2017-04-30,baseline_raw,24,0.025544992115236642,US
rotation_24m_two_sleeve,2017-05-31,baseline_raw,24,0.0198212086885432,US
rotation_24m_two_sleeve,2017-06-30,baseline_raw,24,0.014359377222832315,US
rotation_24m_two_sleeve,2017-07-31,improvement_core,24,0.005328290220812715,US
rotation_24m_two_sleeve,2017-08-31,improvement_core,24,0.008801101895796748,US
rotation_24m_two_sleeve,2017-09-30,baseline_raw,24,0.010261755272296114,US
rotation_24m_two_sleeve,2017-10-31,baseline_raw,24,0.012919011274228787,US
rotation_24m_two_sleeve,2017-11-30,baseline_raw,24,0.01194226653653363,US
rotation_24m_two_sleeve,2017-12-31,baseline_raw,24,0.00943838918121287,US
rotation_24m_two_sleeve,2018-01-31,baseline_raw,24,0.020768097144250985,US
rotation_24m_two_sleeve,2018-02-28,baseline_raw,24,0.0146354517782179,US
rotation_24m_two_sleeve,2018-03-31,baseline_raw,24,0.009720421616018049,US
rotation_24m_two_sleeve,2018-04-30,baseline_raw,24,0.015077409133815056,US
rotation_24m_two_sleeve,2018-05-31,baseline_raw,24,0.017719629148023053,US
rotation_24m_two_sleeve,2018-06-30,baseline_raw,24,0.010516090252915777,US
rotation_24m_two_sleeve,2018-07-31,baseline_raw,24,0.01248041921976828,US
rotation_24m_two_sleeve,2018-08-31,baseline_raw,24,0.021562162747432057,US
rotation_24m_two_sleeve,2018-09-30,baseline_raw,24,0.02226492793360002,US
rotation_24m_two_sleeve,2018-10-31,baseline_raw,24,0.01177906932680206,US
rotation_24m_two_sleeve,2018-11-30,baseline_raw,24,0.003724836010519539,US
rotation_24m_two_sleeve,2018-12-31,baseline_raw,24,0.0042936053458602075,US
rotation_24m_two_sleeve,2019-01-31,baseline_raw,24,-0.0016453096350241836,US
rotation_24m_two_sleeve,2019-02-28,baseline_raw,24,-0.002154201058941818,US
rotation_24m_two_sleeve,2019-03-31,baseline_raw,24,0.0010251131966261262,US
rotation_24m_two_sleeve,2019-04-30,baseline_raw,24,-3.353525299087945e-05,US
rotation_24m_two_sleeve,2019-05-31,baseline_raw,24,0.006011880514357415,US
rotation_24m_two_sleeve,2019-06-30,baseline_raw,24,0.009100203475566282,US
rotation_24m_two_sleeve,2019-07-31,baseline_raw,24,0.008295185030320118,US
rotation_24m_two_sleeve,2019-08-31,baseline_raw,24,0.015483699916187588,US
rotation_24m_two_sleeve,2019-09-30,improvement_core,24,0.0038609583065603026,US
rotation_24m_two_sleeve,2019-10-31,improvement_core,24,0.008731189368426762,US
rotation_24m_two_sleeve,2019-11-30,improvement_core,24,0.0023627949782800695,US
rotation_24m_two_sleeve,2019-12-31,improvement_core,24,-9.434287917164941e-05,US
rotation_24m_two_sleeve,2020-01-31,improvement_core,24,0.005858760245099237,US
rotation_24m_two_sleeve,2020-02-29,improvement_core,24,0.013703021218092637,US
rotation_24m_two_sleeve,2020-03-31,improvement_core,24,0.0367875652141747,US
rotation_24m_two_sleeve,2020-04-30,baseline_raw,24,0.03212231756315731,US
rotation_24m_two_sleeve,2020-05-31,baseline_raw,24,0.030094419988776044,US
rotation_24m_two_sleeve,2020-06-30,baseline_raw,24,0.036920962119213696,US
rotation_24m_two_sleeve,2020-07-31,improvement_core,24,0.03741657018789546,US
rotation_24m_two_sleeve,2020-08-31,baseline_raw,24,0.0342427479321179,US
rotation_24m_two_sleeve,2020-09-30,baseline_raw,24,0.03738332770844499,US
rotation_24m_two_sleeve,2020-10-31,improvement_core,24,0.05372336988054527,US
rotation_24m_two_sleeve,2020-11-30,improvement_core,24,0.049595797600684666,US
rotation_24m_two_sleeve,2020-12-31,improvement_core,24,0.05145978873841495,US
rotation_24m_two_sleeve,2021-01-31,improvement_core,24,0.05010999425721785,US
rotation_24m_two_sleeve,2021-02-28,improvement_core,24,0.04173044068220322,US
rotation_24m_two_sleeve,2021-03-31,improvement_core,24,0.049678185105143324,US
rotation_24m_two_sleeve,2021-04-30,improvement_core,24,0.043557508282746404,US
rotation_24m_two_sleeve,2021-05-31,improvement_core,24,0.05495602039960956,US
rotation_24m_two_sleeve,2021-06-30,improvement_core,24,0.05257364892801153,US
rotation_24m_two_sleeve,2021-07-31,baseline_raw,24,0.04339310113489825,US
rotation_24m_two_sleeve,2021-08-31,baseline_raw,24,0.03625270490364141,US
rotation_24m_two_sleeve,2021-09-30,improvement_core,24,0.05008657993304966,US
rotation_24m_two_sleeve,2021-10-31,baseline_raw,24,0.05383186222051184,US
rotation_24m_two_sleeve,2021-11-30,baseline_raw,24,0.05808970400970859,US
rotation_24m_two_sleeve,2021-12-31,baseline_raw,24,0.055610255438801603,US
rotation_24m_two_sleeve,2022-01-31,baseline_raw,24,0.06064668194552003,US
rotation_24m_two_sleeve,2022-02-28,baseline_raw,24,0.05648418024066815,US
rotation_24m_two_sleeve,2022-03-31,baseline_raw,24,0.034210089867522164,US
rotation_24m_two_sleeve,2022-04-30,improvement_core,24,0.05584992239984099,US
rotation_24m_two_sleeve,2022-05-31,improvement_core,24,0.05560691452433453,US
rotation_24m_two_sleeve,2022-06-30,improvement_core,24,0.056000089188653845,US
rotation_24m_two_sleeve,2022-07-31,improvement_core,24,0.0442458638846297,US
rotation_24m_two_sleeve,2022-08-31,improvement_core,24,0.0496179306773743,US
rotation_24m_two_sleeve,2022-09-30,improvement_core,24,0.05164518845568211,US
rotation_24m_two_sleeve,2022-10-31,baseline_raw,24,0.04980045993763982,US
rotation_24m_two_sleeve,2022-11-30,baseline_raw,24,0.050541928883655496,US
rotation_24m_two_sleeve,2022-12-31,baseline_raw,24,0.062422963665076825,US
rotation_24m_two_sleeve,2023-01-31,baseline_raw,24,0.04907799474281904,US
rotation_24m_two_sleeve,2023-02-28,improvement_core,24,0.051041415002824,US
rotation_24m_two_sleeve,2023-03-31,improvement_core,24,0.05042429666947368,US
rotation_24m_two_sleeve,2023-04-30,baseline_raw,24,0.05457801491296865,US
rotation_24m_two_sleeve,2023-05-31,baseline_raw,24,0.05015767480832478,US
rotation_24m_two_sleeve,2023-06-30,improvement_core,24,0.04234845793095965,US
rotation_24m_two_sleeve,2023-07-31,improvement_core,24,0.05207780916850768,US
rotation_24m_two_sleeve,2023-08-31,improvement_core,24,0.048574955214191196,US
rotation_24m_two_sleeve,2023-09-30,baseline_raw,24,0.04870059175667962,US
rotation_24m_two_sleeve,2023-10-31,improvement_core,24,0.03554093928462998,US
rotation_24m_two_sleeve,2023-11-30,baseline_raw,24,0.036541525752634474,US
rotation_24m_two_sleeve,2023-12-31,baseline_raw,24,0.03994960932270586,US
rotation_24m_two_sleeve,2024-01-31,baseline_raw,24,0.037783694933442025,US
rotation_24m_two_sleeve,2024-02-29,baseline_raw,24,0.042025500775923375,US
rotation_24m_two_sleeve,2024-03-31,baseline_raw,24,0.04380598723440299,US
rotation_24m_two_sleeve,2024-04-30,baseline_raw,24,0.024213424026033215,US
rotation_24m_two_sleeve,2024-05-31,baseline_raw,24,0.028406298010980935,US
rotation_24m_two_sleeve,2024-06-30,baseline_raw,24,0.03642603248309828,US
rotation_24m_two_sleeve,2024-07-31,baseline_raw,24,0.03773357546338163,US
rotation_24m_two_sleeve,2024-08-31,baseline_raw,24,0.03322608835800822,US
rotation_24m_two_sleeve,2024-09-30,baseline_raw,24,0.032534061747815146,US
rotation_24m_two_sleeve,2024-10-31,baseline_raw,24,0.03563369702945374,US
rotation_24m_two_sleeve,2024-11-30,baseline_raw,24,0.03199281464698056,US
rotation_24m_two_sleeve,2024-12-31,baseline_raw,24,0.02759766103533723,US
rotation_24m_two_sleeve,2025-01-31,baseline_raw,24,0.03240748537605054,US
rotation_24m_two_sleeve,2025-02-28,baseline_raw,24,0.0295771082705254,US
rotation_24m_two_sleeve,2025-03-31,baseline_raw,24,0.02385468047489847,US
rotation_24m_two_sleeve,2025-04-30,baseline_raw,24,0.02929472374700004,US
rotation_24m_two_sleeve,2025-05-31,baseline_raw,24,0.03453275651511345,US
rotation_24m_two_sleeve,2025-06-30,baseline_raw,24,0.03102929076989347,US
rotation_24m_two_sleeve,2025-07-31,baseline_raw,24,0.02001697511355527,US
rotation_24m_two_sleeve,2025-08-31,baseline_raw,24,0.023611842978191744,US
rotation_24m_two_sleeve,2025-09-30,baseline_raw,24,0.03912876415276001,US
rotation_24m_two_sleeve,2025-10-31,baseline_raw,24,0.04347337190741318,US
rotation_24m_two_sleeve,2025-11-30,baseline_raw,24,0.03302380811499295,US
rotation_24m_two_sleeve,2025-12-31,baseline_raw,24,0.03368403006270637,US
rotation_24m_two_sleeve,2026-01-31,improvement_core,24,0.039513416025479975,US
rotation_24m_two_sleeve,2026-02-28,improvement_core,24,0.037291289071671674,US
rotation_24m_two_sleeve,2026-03-31,improvement_core,24,0.034802111146654546,US
rotation_24m_two_sleeve,2026-04-30,improvement_core,24,0.02437300160163236,US
rotation_24m_two_sleeve,2026-05-31,baseline_raw,24,0.027584309133800833,US
rotation_12m_three_sleeve,2010-01-31,baseline_raw,12,,US
rotation_12m_three_sleeve,2010-02-28,baseline_raw,12,,US
rotation_12m_three_sleeve,2010-03-31,baseline_raw,12,,US
rotation_12m_three_sleeve,2010-04-30,baseline_raw,12,,US
rotation_12m_three_sleeve,2010-05-31,baseline_raw,12,,US
rotation_12m_three_sleeve,2010-06-30,baseline_raw,12,,US
rotation_12m_three_sleeve,2010-07-31,baseline_raw,12,,US
rotation_12m_three_sleeve,2010-08-31,baseline_raw,12,,US
rotation_12m_three_sleeve,2010-09-30,baseline_raw,12,,US
rotation_12m_three_sleeve,2010-10-31,baseline_raw,12,,US
rotation_12m_three_sleeve,2010-11-30,baseline_raw,12,,US
rotation_12m_three_sleeve,2010-12-31,baseline_raw,12,,US
rotation_12m_three_sleeve,2011-01-31,baseline_raw,12,0.006459086039918738,US
rotation_12m_three_sleeve,2011-02-28,baseline_raw,12,0.006714573586254824,US
rotation_12m_three_sleeve,2011-03-31,baseline_raw,12,0.005632959115853042,US
rotation_12m_three_sleeve,2011-04-30,baseline_raw,12,0.0039909809854346,US
rotation_12m_three_sleeve,2011-05-31,improvement_core,12,-0.001560908550370721,US
rotation_12m_three_sleeve,2011-06-30,revision_sleeve,12,0.0024308684121649993,US
rotation_12m_three_sleeve,2011-07-31,baseline_raw,12,0.003751008353009011,US
rotation_12m_three_sleeve,2011-08-31,baseline_raw,12,0.0013630695545947535,US
rotation_12m_three_sleeve,2011-09-30,improvement_core,12,-0.004246583141870985,US
rotation_12m_three_sleeve,2011-10-31,improvement_core,12,-0.003055172830456643,US
rotation_12m_three_sleeve,2011-11-30,baseline_raw,12,-0.008671862077071602,US
rotation_12m_three_sleeve,2011-12-31,baseline_raw,12,0.0003409011678823237,US
rotation_12m_three_sleeve,2012-01-31,baseline_raw,12,-0.0006942514324025373,US
rotation_12m_three_sleeve,2012-02-29,improvement_core,12,0.0012655448984022488,US
rotation_12m_three_sleeve,2012-03-31,improvement_core,12,0.00655533809525588,US
rotation_12m_three_sleeve,2012-04-30,improvement_core,12,0.0126951058596807,US
rotation_12m_three_sleeve,2012-05-31,improvement_core,12,0.014990547818920508,US
rotation_12m_three_sleeve,2012-06-30,improvement_core,12,0.017751013637392843,US
rotation_12m_three_sleeve,2012-07-31,improvement_core,12,0.016313678522678732,US
rotation_12m_three_sleeve,2012-08-31,improvement_core,12,0.019212939641951365,US
rotation_12m_three_sleeve,2012-09-30,improvement_core,12,0.02349287564318936,US
rotation_12m_three_sleeve,2012-10-31,improvement_core,12,0.023270013315693117,US
rotation_12m_three_sleeve,2012-11-30,improvement_core,12,0.028030393023749323,US
rotation_12m_three_sleeve,2012-12-31,improvement_core,12,0.03106378026737544,US
rotation_12m_three_sleeve,2013-01-31,improvement_core,12,0.020089059161024103,US
rotation_12m_three_sleeve,2013-02-28,improvement_core,12,0.015602444784077019,US
rotation_12m_three_sleeve,2013-03-31,improvement_core,12,0.009798167069614117,US
rotation_12m_three_sleeve,2013-04-30,improvement_core,12,0.010064271717943996,US
rotation_12m_three_sleeve,2013-05-31,revision_sleeve,12,0.02190551883487335,US
rotation_12m_three_sleeve,2013-06-30,revision_sleeve,12,0.01899356119638429,US
rotation_12m_three_sleeve,2013-07-31,revision_sleeve,12,0.022603373519165526,US
rotation_12m_three_sleeve,2013-08-31,revision_sleeve,12,0.01898281007546143,US
rotation_12m_three_sleeve,2013-09-30,revision_sleeve,12,0.017423543464801572,US
rotation_12m_three_sleeve,2013-10-31,revision_sleeve,12,0.009868181469728343,US
rotation_12m_three_sleeve,2013-11-30,revision_sleeve,12,0.008497206373537791,US
rotation_12m_three_sleeve,2013-12-31,revision_sleeve,12,0.003997348190796224,US
rotation_12m_three_sleeve,2014-01-31,baseline_raw,12,0.0032867541201073713,US
rotation_12m_three_sleeve,2014-02-28,baseline_raw,12,0.011924114962710952,US
rotation_12m_three_sleeve,2014-03-31,baseline_raw,12,0.008347997535200324,US
rotation_12m_three_sleeve,2014-04-30,baseline_raw,12,0.009103263307381537,US
rotation_12m_three_sleeve,2014-05-31,baseline_raw,12,0.006336058474977202,US
rotation_12m_three_sleeve,2014-06-30,baseline_raw,12,0.0031087479203946167,US
rotation_12m_three_sleeve,2014-07-31,baseline_raw,12,0.0047851379516454795,US
rotation_12m_three_sleeve,2014-08-31,baseline_raw,12,0.0042948397619531065,US
rotation_12m_three_sleeve,2014-09-30,improvement_core,12,0.003048371938790595,US
rotation_12m_three_sleeve,2014-10-31,improvement_core,12,0.009094454653038708,US
rotation_12m_three_sleeve,2014-11-30,improvement_core,12,0.0167207425646152,US
rotation_12m_three_sleeve,2014-12-31,improvement_core,12,0.017746541673324234,US
rotation_12m_three_sleeve,2015-01-31,improvement_core,12,0.020024118187433437,US
rotation_12m_three_sleeve,2015-02-28,improvement_core,12,0.030755632933651134,US
rotation_12m_three_sleeve,2015-03-31,improvement_core,12,0.030719894977089046,US
rotation_12m_three_sleeve,2015-04-30,improvement_core,12,0.02695619879537836,US
rotation_12m_three_sleeve,2015-05-31,improvement_core,12,0.029940977786864664,US
rotation_12m_three_sleeve,2015-06-30,improvement_core,12,0.034167460329196375,US
rotation_12m_three_sleeve,2015-07-31,improvement_core,12,0.04214487806220468,US
rotation_12m_three_sleeve,2015-08-31,improvement_core,12,0.038580693828834,US
rotation_12m_three_sleeve,2015-09-30,improvement_core,12,0.04284843677203476,US
rotation_12m_three_sleeve,2015-10-31,improvement_core,12,0.03663227857215956,US
rotation_12m_three_sleeve,2015-11-30,improvement_core,12,0.03216251220294164,US
rotation_12m_three_sleeve,2015-12-31,improvement_core,12,0.03109359234839948,US
rotation_12m_three_sleeve,2016-01-31,improvement_core,12,0.03325653012863983,US
rotation_12m_three_sleeve,2016-02-29,improvement_core,12,0.0360466537161277,US
rotation_12m_three_sleeve,2016-03-31,improvement_core,12,0.03627986431456143,US
rotation_12m_three_sleeve,2016-04-30,improvement_core,12,0.030124972225536117,US
rotation_12m_three_sleeve,2016-05-31,improvement_core,12,0.02736663901224312,US
rotation_12m_three_sleeve,2016-06-30,improvement_core,12,0.022629696622991302,US
rotation_12m_three_sleeve,2016-07-31,improvement_core,12,0.02398219280079128,US
rotation_12m_three_sleeve,2016-08-31,improvement_core,12,0.012069412583054495,US
rotation_12m_three_sleeve,2016-09-30,improvement_core,12,0.007692354850560301,US
rotation_12m_three_sleeve,2016-10-31,improvement_core,12,0.00786399551910777,US
rotation_12m_three_sleeve,2016-11-30,baseline_raw,12,0.009765368025371757,US
rotation_12m_three_sleeve,2016-12-31,baseline_raw,12,0.004090774421295906,US
rotation_12m_three_sleeve,2017-01-31,baseline_raw,12,0.013340617539314259,US
rotation_12m_three_sleeve,2017-02-28,baseline_raw,12,0.004648488200965639,US
rotation_12m_three_sleeve,2017-03-31,baseline_raw,12,0.005639787894016646,US
rotation_12m_three_sleeve,2017-04-30,baseline_raw,12,0.013604879515278334,US
rotation_12m_three_sleeve,2017-05-31,baseline_raw,12,0.01129127502155769,US
rotation_12m_three_sleeve,2017-06-30,baseline_raw,12,0.0045566774469461,US
rotation_12m_three_sleeve,2017-07-31,baseline_raw,12,0.002563290035300092,US
rotation_12m_three_sleeve,2017-08-31,baseline_raw,12,0.0059222890981391885,US
rotation_12m_three_sleeve,2017-09-30,baseline_raw,12,0.014106395330390153,US
rotation_12m_three_sleeve,2017-10-31,baseline_raw,12,0.012111418656197248,US
rotation_12m_three_sleeve,2017-11-30,baseline_raw,12,0.002155845882711116,US
rotation_12m_three_sleeve,2017-12-31,baseline_raw,12,0.005325827998966304,US
rotation_12m_three_sleeve,2018-01-31,baseline_raw,12,0.007329696921626105,US
rotation_12m_three_sleeve,2018-02-28,baseline_raw,12,0.009940754099114324,US
rotation_12m_three_sleeve,2018-03-31,baseline_raw,12,0.004057748878997236,US
rotation_12m_three_sleeve,2018-04-30,baseline_raw,12,0.0014527649267448428,US
rotation_12m_three_sleeve,2018-05-31,baseline_raw,12,0.006356580230882258,US
rotation_12m_three_sleeve,2018-06-30,baseline_raw,12,0.005932380859898778,US
rotation_12m_three_sleeve,2018-07-31,baseline_raw,12,0.009891773699513218,US
rotation_12m_three_sleeve,2018-08-31,baseline_raw,12,0.015547795111801932,US
rotation_12m_three_sleeve,2018-09-30,baseline_raw,12,0.008045046003828826,US
rotation_12m_three_sleeve,2018-10-31,baseline_raw,12,-0.00032837227529414204,US
rotation_12m_three_sleeve,2018-11-30,baseline_raw,12,0.0015656149033651534,US
rotation_12m_three_sleeve,2018-12-31,baseline_raw,12,-0.0010267543361147657,US
rotation_12m_three_sleeve,2019-01-31,improvement_core,12,-0.0010242517644993843,US
rotation_12m_three_sleeve,2019-02-28,improvement_core,12,0.006004702934807593,US
rotation_12m_three_sleeve,2019-03-31,improvement_core,12,0.002225890824383292,US
rotation_12m_three_sleeve,2019-04-30,improvement_core,12,0.001899700198983778,US
rotation_12m_three_sleeve,2019-05-31,improvement_core,12,0.0021990799589144405,US
rotation_12m_three_sleeve,2019-06-30,improvement_core,12,0.004707326788839339,US
rotation_12m_three_sleeve,2019-07-31,improvement_core,12,0.009428329897737342,US
rotation_12m_three_sleeve,2019-08-31,improvement_core,12,0.011967892706811867,US
rotation_12m_three_sleeve,2019-09-30,improvement_core,12,0.007206782825958102,US
rotation_12m_three_sleeve,2019-10-31,improvement_core,12,0.012439025915414126,US
rotation_12m_three_sleeve,2019-11-30,improvement_core,12,0.0042087269749344625,US
rotation_12m_three_sleeve,2019-12-31,improvement_core,12,0.00769720653033934,US
rotation_12m_three_sleeve,2020-01-31,revision_sleeve,12,0.010016138002338248,US
rotation_12m_three_sleeve,2020-02-29,revision_sleeve,12,0.01740023838185012,US
rotation_12m_three_sleeve,2020-03-31,improvement_core,12,0.0344849147345041,US
rotation_12m_three_sleeve,2020-04-30,baseline_raw,12,0.0336564125955261,US
rotation_12m_three_sleeve,2020-05-31,baseline_raw,12,0.03044737134197728,US
rotation_12m_three_sleeve,2020-06-30,baseline_raw,12,0.033665803054585774,US
rotation_12m_three_sleeve,2020-07-31,baseline_raw,12,0.038471464698709656,US
rotation_12m_three_sleeve,2020-08-31,baseline_raw,12,0.03430802715939363,US
rotation_12m_three_sleeve,2020-09-30,baseline_raw,12,0.04446290581314649,US
rotation_12m_three_sleeve,2020-10-31,improvement_core,12,0.04077711635799752,US
rotation_12m_three_sleeve,2020-11-30,improvement_core,12,0.045196849426387464,US
rotation_12m_three_sleeve,2020-12-31,improvement_core,12,0.04342830557083466,US
rotation_12m_three_sleeve,2021-01-31,improvement_core,12,0.042924174550174055,US
rotation_12m_three_sleeve,2021-02-28,revision_sleeve,12,0.03708352012165461,US
rotation_12m_three_sleeve,2021-03-31,revision_sleeve,12,0.02493503306829914,US
rotation_12m_three_sleeve,2021-04-30,revision_sleeve,12,0.028845282012399442,US
rotation_12m_three_sleeve,2021-05-31,revision_sleeve,12,0.03435117399709031,US
rotation_12m_three_sleeve,2021-06-30,revision_sleeve,12,0.03449377276695076,US
rotation_12m_three_sleeve,2021-07-31,revision_sleeve,12,0.02367056076067464,US
rotation_12m_three_sleeve,2021-08-31,revision_sleeve,12,0.017375282834636963,US
rotation_12m_three_sleeve,2021-09-30,revision_sleeve,12,0.02281963681722665,US
rotation_12m_three_sleeve,2021-10-31,revision_sleeve,12,0.03675857187758691,US
rotation_12m_three_sleeve,2021-11-30,revision_sleeve,12,0.026955658199199206,US
rotation_12m_three_sleeve,2021-12-31,revision_sleeve,12,0.018984657940691596,US
rotation_12m_three_sleeve,2022-01-31,baseline_raw,12,0.026735080547479972,US
rotation_12m_three_sleeve,2022-02-28,baseline_raw,12,0.030471982640510653,US
rotation_12m_three_sleeve,2022-03-31,baseline_raw,12,0.029383221345865573,US
rotation_12m_three_sleeve,2022-04-30,baseline_raw,12,0.0474994135449236,US
rotation_12m_three_sleeve,2022-05-31,baseline_raw,12,0.03907678164598272,US
rotation_12m_three_sleeve,2022-06-30,baseline_raw,12,0.037256474983119015,US
rotation_12m_three_sleeve,2022-07-31,baseline_raw,12,0.034434918243142265,US
rotation_12m_three_sleeve,2022-08-31,baseline_raw,12,0.040371963551322665,US
rotation_12m_three_sleeve,2022-09-30,baseline_raw,12,0.05016239854685911,US
rotation_12m_three_sleeve,2022-10-31,baseline_raw,12,0.03631159693371355,US
rotation_12m_three_sleeve,2022-11-30,improvement_core,12,0.040023690962755154,US
rotation_12m_three_sleeve,2022-12-31,baseline_raw,12,0.04305457322122597,US
rotation_12m_three_sleeve,2023-01-31,improvement_core,12,0.03299164633878093,US
rotation_12m_three_sleeve,2023-02-28,improvement_core,12,0.03155238946468697,US
rotation_12m_three_sleeve,2023-03-31,improvement_core,12,0.033980097510836194,US
rotation_12m_three_sleeve,2023-04-30,improvement_core,12,0.018952447721063637,US
rotation_12m_three_sleeve,2023-05-31,improvement_core,12,0.021863499426467703,US
rotation_12m_three_sleeve,2023-06-30,revision_sleeve,12,0.02212106067831998,US
rotation_12m_three_sleeve,2023-07-31,improvement_core,12,0.02016051655708262,US
rotation_12m_three_sleeve,2023-08-31,revision_sleeve,12,0.0127214388036625,US
rotation_12m_three_sleeve,2023-09-30,revision_sleeve,12,0.008172510984719272,US
rotation_12m_three_sleeve,2023-10-31,revision_sleeve,12,0.005804461984464604,US
rotation_12m_three_sleeve,2023-11-30,revision_sleeve,12,0.0038567905191286833,US
rotation_12m_three_sleeve,2023-12-31,revision_sleeve,12,0.001636403663742625,US
rotation_12m_three_sleeve,2024-01-31,revision_sleeve,12,0.023053543725058967,US
rotation_12m_three_sleeve,2024-02-29,baseline_raw,12,0.028488609393082065,US
rotation_12m_three_sleeve,2024-03-31,baseline_raw,12,0.023552456097973185,US
rotation_12m_three_sleeve,2024-04-30,baseline_raw,12,0.017338637673617763,US
rotation_12m_three_sleeve,2024-05-31,baseline_raw,12,0.017554917700095984,US
rotation_12m_three_sleeve,2024-06-30,baseline_raw,12,0.033276602873062,US
rotation_12m_three_sleeve,2024-07-31,baseline_raw,12,0.033130955207201884,US
rotation_12m_three_sleeve,2024-08-31,baseline_raw,12,0.03222897916475165,US
rotation_12m_three_sleeve,2024-09-30,baseline_raw,12,0.033973333656708515,US
rotation_12m_three_sleeve,2024-10-31,baseline_raw,12,0.03944481215737783,US
rotation_12m_three_sleeve,2024-11-30,baseline_raw,12,0.029670466319027033,US
rotation_12m_three_sleeve,2024-12-31,revision_sleeve,12,0.03886203604611982,US
rotation_12m_three_sleeve,2025-01-31,revision_sleeve,12,0.028165573152362233,US
rotation_12m_three_sleeve,2025-02-28,improvement_core,12,0.02265773221284495,US
rotation_12m_three_sleeve,2025-03-31,improvement_core,12,0.02873058387003402,US
rotation_12m_three_sleeve,2025-04-30,improvement_core,12,0.03774516984532261,US
rotation_12m_three_sleeve,2025-05-31,improvement_core,12,0.04443498847282967,US
rotation_12m_three_sleeve,2025-06-30,improvement_core,12,0.048472770408096943,US
rotation_12m_three_sleeve,2025-07-31,improvement_core,12,0.038004266821355825,US
rotation_12m_three_sleeve,2025-08-31,improvement_core,12,0.042139871361651204,US
rotation_12m_three_sleeve,2025-09-30,improvement_core,12,0.040546881183298966,US
rotation_12m_three_sleeve,2025-10-31,improvement_core,12,0.02815076060636401,US
rotation_12m_three_sleeve,2025-11-30,improvement_core,12,0.029861711670065683,US
rotation_12m_three_sleeve,2025-12-31,improvement_core,12,0.03133075599493429,US
rotation_12m_three_sleeve,2026-01-31,improvement_core,12,0.025917273550893016,US
rotation_12m_three_sleeve,2026-02-28,improvement_core,12,0.014309339672387011,US
rotation_12m_three_sleeve,2026-03-31,improvement_core,12,0.005901960505324544,US
rotation_12m_three_sleeve,2026-04-30,baseline_raw,12,0.0032005491865108038,US
rotation_12m_three_sleeve,2026-05-31,baseline_raw,12,0.010720502106477792,US
