Date,next_date,model_return,benchmark_return,active_return,top_equal_return,bottom_equal_return,top_sectors,bottom_sectors,model_nav,benchmark_nav,active_nav
2010-01-31,2010-02-28,0.051261414487361566,0.049449864477257896,0.00181155001010367,0.05765392883753987,0.05492287330775642,Technology|Travel and Leisure|Chemicals,Automobiles and Parts|Telecommunications|Banks,1.0512614144873615,1.0494498644772579,1.0017261901415424
2010-02-28,2010-03-31,0.06868287971368517,0.07017515036092083,-0.0014922706472356578,0.07344850327404463,0.08619070042887635,Technology|Travel and Leisure|Personal & Household Goods,Automobiles and Parts|Telecommunications|Banks,1.1234650757662354,1.1230951665131974,1.0003293659024342
2010-03-31,2010-04-30,0.0351330864902008,0.03363659395010121,0.0014964925400995852,0.048151547334092604,0.04400460710064575,Technology|Travel and Leisure|Personal & Household Goods,Automobiles and Parts|Telecommunications|Banks,1.1629358714418507,1.160872262596523,1.0017776364478828
2010-04-30,2010-05-31,-0.0017165956757876216,-0.003664220383201344,0.0019476247074137224,0.008058723293380662,-0.008297209967091638,Technology|Travel and Leisure|Personal & Household Goods,Automobiles and Parts|Telecommunications|Banks,1.1609395807537153,1.156618570789624,1.0037358988288951
2010-05-31,2010-06-30,-0.051897352232665825,-0.0500049153798184,-0.001892436852847422,-0.04941430429969542,-0.045123757170244395,Technology|Travel and Leisure|Personal & Household Goods,Automobiles and Parts|Telecommunications|Utilities,1.1006898904104965,1.0987819570305621,1.001736407635497
2010-06-30,2010-07-31,0.005518699957214697,0.0062245986719781125,-0.0007058987147634159,0.012540549904254293,0.0521982432780044,Travel and Leisure|Technology|Personal & Household Goods,Automobiles and Parts|Telecommunications|Utilities,1.1067642676616116,1.1056214337410881,1.0010336575301877
2010-07-31,2010-08-31,-0.017613289027922124,-0.021113586552793724,0.0035002975248716005,-0.009059102572139101,-0.040928983351789044,Technology|Travel and Leisure|Personal & Household Goods,Automobiles and Parts|Telecommunications|Banks,1.0872705087295111,1.0822777999051718,1.00461314906836
2010-08-31,2010-09-30,0.019392477293911414,0.0146536260251376,0.0047388512687738145,0.03684361257702549,0.00800331776233002,Technology|Travel and Leisure|Industrial Goods and Services,Automobiles and Parts|Telecommunications|Banks,1.1083553773823875,1.0981370940402908,1.009305107165173
2010-09-30,2010-10-31,0.024716021200444544,0.019604705367251146,0.005111315833193398,0.040084391624617445,0.02753406669693473,Travel and Leisure|Personal & Household Goods|Technology,Automobiles and Parts|Banks|Telecommunications,1.1357495123873973,1.1196657482218002,1.0143647907343245
2010-10-31,2010-11-30,0.06577086686039198,0.0667345123238356,-0.0009636454634436159,0.06034196906472442,0.08948366334361335,Travel and Leisure|Technology|Personal & Household Goods,Automobiles and Parts|Banks|Telecommunications,1.210448742353384,1.1943860958950845,1.0134484539911377
2010-11-30,2010-12-31,0.026120847816686613,0.03439458398386909,-0.008273736167182476,0.010128762361895903,0.0676767712226687,Travel and Leisure|Technology|Personal & Household Goods,Automobiles and Parts|Banks|Insurance,1.2420666897422965,1.2354665087795136,1.0053422580991718
2010-12-31,2011-01-31,0.0029408710005728467,0.0017069252653800007,0.001233945735192846,-0.00041952801829011943,-0.025565988915440985,Travel and Leisure|Technology|Industrial Goods and Services,Automobiles and Parts|Telecommunications|Banks,1.2457194476509372,1.2375753577778803,1.0065806819939271
2011-01-31,2011-02-28,0.027437569491977933,0.025371711702895983,0.00206585778908195,0.029839327701909297,0.003201566565510255,Travel and Leisure|Technology|Energy,Automobiles and Parts|Telecommunications|Banks,1.2798989615633682,1.268974762966029,1.0086086807367276
2011-02-28,2011-03-31,-0.029675057788870356,-0.027109990107388446,-0.00256506768148191,-0.03390315149955009,-0.005204550801655226,Travel and Leisure|Technology|Financial Services,Automobiles and Parts|Telecommunications|Utilities,1.2419178859150601,1.2345728696954945,1.0059494391946076
2011-03-31,2011-04-30,-0.015276495183100227,-0.01513776353575065,-0.0001387316473495763,-0.021147180885845458,-0.026601600046880752,Energy|Technology|Travel and Leisure,Automobiles and Parts|Telecommunications|Insurance,1.2229457333130727,1.215884197526391,1.0058077371192484
2011-04-30,2011-05-31,0.016957732643108004,0.020611425747450153,-0.003653693104342149,0.005207391214940653,0.033754138443422003,Energy|Technology|Chemicals,Automobiles and Parts|Telecommunications|Utilities,1.2436841200956255,1.2409453043812042,1.002207039830645
2011-05-31,2011-06-30,-0.02458001432380694,-0.02454467006586113,-3.53442579458102e-05,-0.021436751773560313,-0.0203616944095827,Energy|Technology|Chemicals,Automobiles and Parts|Telecommunications|Utilities,1.2131143466093837,1.2104867113153879,1.0021707262619517
2011-06-30,2011-07-31,-0.008719986405895212,-0.011525950310647522,0.0028059639047523094,-0.01103465269673383,-0.05674147001064354,Energy|Travel and Leisure|Industrial Goods and Services,Automobiles and Parts|Telecommunications|Insurance,1.2025360059981534,1.1965347016290675,1.0050155706816652
2011-07-31,2011-08-31,-0.053536076726823575,-0.05464903189812501,0.0011129551713014371,-0.04643053419486334,-0.06329052030311443,Travel and Leisure|Industrial Goods and Services|Technology,Automobiles and Parts|Telecommunications|Insurance,1.1381569461142682,1.1311452385525271,1.006198768577865
2011-08-31,2011-09-30,-0.005547263706679127,7.129055233141834e-05,-0.005618554259010545,-0.014132267371790802,0.019608729878166423,Travel and Leisure|Energy|Health Care,Automobiles and Parts|Telecommunications|Utilities,1.1318432893945838,1.1312258785213507,1.0005457892052825
2011-09-30,2011-10-31,0.07107095476186817,0.06791953043254217,0.003151424329325997,0.08626051696831627,0.08540589881346945,Travel and Leisure|Technology|Energy,Automobiles and Parts|Telecommunications|Insurance,1.2122844726126702,1.208058209003661,1.0034983940157114
2011-10-31,2011-11-30,0.03504038960536148,0.03376162127032455,0.0012787683350369283,0.03712157816725054,0.01082411700598942,Travel and Leisure|Technology|Health Care,Automobiles and Parts|Telecommunications|Insurance,1.2547633928455484,1.248844212728549,1.0047397265861262
2011-11-30,2011-12-31,0.04734734395768948,0.04660469727665027,0.0007426466810392107,0.05306910135057632,0.05377713579941481,Travel and Leisure|Technology|Health Care,Automobiles and Parts|Telecommunications|Insurance,1.314173106792124,1.3070462192084598,1.0054526668444672
2011-12-31,2012-01-31,0.03666222370351557,0.03646435469097952,0.00019786901253605188,0.027615462719496456,0.03466494032798373,Travel and Leisure|Technology|Personal & Household Goods,Automobiles and Parts|Telecommunications|Insurance,1.3623536152184808,1.3547068161431808,1.0056446154874088
2012-01-31,2012-02-29,0.024233278717440437,0.021133172678348324,0.0031001060390921133,0.03858997519242067,0.007673051151185636,Travel and Leisure|Technology|Personal & Household Goods,Automobiles and Parts|Telecommunications|Insurance,1.3953679100877827,1.38333606921727,1.0086976990900849
2012-02-29,2012-03-31,0.04094105830805979,0.037648877154095504,0.003292181153964284,0.054577262255018764,0.02071059314991328,Travel and Leisure|Technology|Health Care,Automobiles and Parts|Telecommunications|Insurance,1.4524957490558823,1.4354171189500604,1.0118980259329178
2012-03-31,2012-04-30,-0.0009061290984920742,-0.00023386618275282893,-0.0006722629157392453,0.005330569813790456,0.009290230735427943,Technology|Travel and Leisure|Personal & Household Goods,Automobiles and Parts|Telecommunications|Insurance,1.4511796003922268,1.4350814234277935,1.0112176052881945
2012-04-30,2012-05-31,0.005696005978107831,0.007450506336086599,-0.0017545003579787673,0.005079833736700373,0.00594870821540434,Technology|Travel and Leisure|Personal & Household Goods,Automobiles and Parts|Telecommunications|Basic Resources,1.4594455280713692,1.4457735066658424,1.0094565444327837
2012-05-31,2012-06-30,0.013745446388664007,0.015118077099669612,-0.0013726307110056048,0.0016923947598443262,-0.019112888089240384,Technology|Travel and Leisure|Construction and Materials,Automobiles and Parts|Telecommunications|Basic Resources,1.4795062583346494,1.467630822008276,1.0080915691795864
2012-06-30,2012-07-31,0.04139689425841292,0.04466202909378636,-0.00326513483537344,0.02708680680086206,0.030512819776671713,Technology|Travel and Leisure|Retail,Automobiles and Parts|Telecommunications|Basic Resources,1.5407532224655889,1.5331781924797472,1.0049407368452
2012-07-31,2012-08-31,-0.00037724996894344205,-0.0008103746344883212,0.0004331246655448792,0.007786923648781789,0.013038779478121529,Technology|Travel and Leisure|Retail,Automobiles and Parts|Basic Resources|Insurance,1.5401719733602643,1.531935743762411,1.0053763544792194
2012-08-31,2012-09-30,0.004118613212494229,0.0051186716445227685,-0.0010000584320285395,0.0006773837533284987,0.01960266016666472,Technology|Retail|Travel and Leisure,Automobiles and Parts|Basic Resources|Insurance,1.546515345999259,1.5397772198152386,1.0043760396616526
2012-09-30,2012-10-31,-0.0285622567197486,-0.025281492384878278,-0.003280764334870321,-0.04987153803090655,-0.0002549034874525467,Technology|Personal & Household Goods|Travel and Leisure,Automobiles and Parts|Basic Resources|Telecommunications,1.5023433776657975,1.5008493537580705,1.0009954522777293
2012-10-31,2012-11-30,0.0035908888915374224,0.0012651216174042021,0.0023257672741332203,0.019122102983787807,0.0038143135409131716,Travel and Leisure|Personal & Household Goods|Technology,Automobiles and Parts|Basic Resources|Chemicals,1.5077381258119325,1.502748110719977,1.0033205931562041
2012-11-30,2012-12-31,-0.0057451592474211865,-0.0054628376720676315,-0.00028232157535355504,-0.002736320543239076,0.024157509838475255,Travel and Leisure|Construction and Materials|Technology,Automobiles and Parts|Utilities|Insurance,1.4990759301757346,1.4945388417291072,1.0030357782079309
2012-12-31,2013-01-31,0.02077877946488587,0.02210161401761431,-0.0013228345527284413,0.017105995922439252,0.019965512456668128,Travel and Leisure|Personal & Household Goods|Technology,Automobiles and Parts|Insurance|Utilities,1.5302248983299749,1.5275705623433362,1.0017376192315246
2013-01-31,2013-02-28,0.04829350516285652,0.05193218333095792,-0.0036386781681014,0.03155048653783618,0.05329857837044688,Travel and Leisure|Construction and Materials|Technology,Automobiles and Parts|Insurance|Utilities,1.6041248223578053,1.6069006368379246,0.9982725661957658
2013-02-28,2013-03-31,0.05639552956503161,0.05590026324738751,0.0004952663176440997,0.06410574582882979,0.06537053597638576,Construction and Materials|Travel and Leisure|Financial Services,Automobiles and Parts|Utilities|Basic Resources,1.694590291203086,1.6967268054495592,0.9987408024440875
2013-03-31,2013-04-30,-0.012482534481320702,-0.007293261297166323,-0.005189273184154379,-0.03096976300844156,0.00980063971449645,Construction and Materials|Travel and Leisure|Industrial Goods and Services,Automobiles and Parts|Utilities|Health Care,1.673437509461432,1.6843521335075093,0.9935199868074209
2013-04-30,2013-05-31,0.04375353117671345,0.04102614226769449,0.0027273889090189546,0.04538066452218531,0.03035030887726854,Travel and Leisure|Construction and Materials|Media,Automobiles and Parts|Telecommunications|Basic Resources,1.7466563097039345,1.7534546037656833,0.9961229141335345
2013-05-31,2013-06-30,-0.013704957785584214,-0.016303469955495,0.002598512169910786,0.005437364584317979,-0.02763365635119148,Travel and Leisure|Personal & Household Goods|Media,Automobiles and Parts|Telecommunications|Basic Resources,1.7227184587135178,1.724867209314865,0.9987542515796328
2013-06-30,2013-07-31,0.028203240929240578,0.028673613696240885,-0.00047037276700030717,0.01815712686359663,0.02474086777177209,Travel and Leisure|Construction and Materials|Energy,Automobiles and Parts|Telecommunications|Insurance,1.771304702457865,1.7743253853520724,0.9982975597829211
2013-07-31,2013-08-31,-0.020407593487887656,-0.02266028430693421,0.0022526908190465544,-0.012781355631973594,-0.03198122791842812,Travel and Leisure|Construction and Materials|Personal & Household Goods,Automobiles and Parts|Telecommunications|Utilities,1.735156636146921,1.7341186676669837,1.0005985567765865
2013-08-31,2013-09-30,0.0078092449184278,0.0045609482215475585,0.0032482966968802414,0.024067990470844874,-0.0020612878032444924,Travel and Leisure|Construction and Materials|Personal & Household Goods,Automobiles and Parts|Telecommunications|Basic Resources,1.7487068992904276,1.742027893120232,1.0038340408879634
2013-09-30,2013-10-31,0.040674593962547224,0.041796051721935845,-0.0011214577593886207,0.03924976363358254,0.05675701347447184,Travel and Leisure|Energy|Construction and Materials,Automobiles and Parts|Telecommunications|Basic Resources,1.8198348423785706,1.81483778104214,1.002753447932719
2013-10-31,2013-11-30,0.031497738398531254,0.029311627907910275,0.0021861104906209794,0.03708829170744468,0.014007998062244656,Travel and Leisure|Construction and Materials|Health Care,Automobiles and Parts|Telecommunications|Insurance,1.8771555241723432,1.8680336307932648,1.0048831526524524
2013-11-30,2013-12-31,0.012042030771618873,0.012572470573294397,-0.0005304398016755234,-0.00017285376586858298,-0.0090702069877293,Travel and Leisure|Construction and Materials|Personal & Household Goods,Automobiles and Parts|Telecommunications|Insurance,1.899760288757541,1.8915194286463373,1.0043567409281655
2013-12-31,2014-01-31,-0.01223876617682262,-0.013000794390346937,0.000762028213524316,-0.013065969313542836,-0.013574228418563074,Energy|Travel and Leisure|Technology,Automobiles and Parts|Insurance|Real Estate,1.8765095667914244,1.8669281734691596,1.0051321702990108
2014-01-31,2014-02-28,0.02524318106476547,0.0203041198867286,0.0049390611780368715,0.04491842742281385,-0.002414352015634426,Travel and Leisure|Construction and Materials|Energy,Automobiles and Parts|Insurance|Telecommunications,1.923878637555705,1.9048345069231887,1.009997787505056
2014-02-28,2014-03-31,0.007228084667278168,0.010268546478963506,-0.0030404618116853382,-0.004001440641287762,0.013186484362252086,Travel and Leisure|Construction and Materials|Industrial Goods and Services,"Automobiles and Parts|Food, Beverage and Tobacco|Personal & Household Goods",1.9377845952375254,1.9243943885922632,1.0069581405582135
2014-03-31,2014-04-30,-0.003398748642198369,0.0010453983617093382,-0.004444147003907707,-0.0206676854072989,0.011874167553711767,Travel and Leisure|Construction and Materials|Health Care,"Automobiles and Parts|Food, Beverage and Tobacco|Personal & Household Goods",1.931198552475589,1.9264061473333802,1.0024877439001338
2014-04-30,2014-05-31,0.040852720179923724,0.04087505191602386,-2.233173610013961e-05,0.040871371872701796,0.03958444771331162,Travel and Leisure|Construction and Materials|Industrial Goods and Services,"Automobiles and Parts|Food, Beverage and Tobacco|Personal & Household Goods",2.010093266551748,2.0051480986169796,1.0024662357549448
2014-05-31,2014-06-30,0.016213615229196197,0.01683042733698062,-0.0006168121077844216,0.015068181947131358,0.03713756002289572,Travel and Leisure|Construction and Materials|Technology,"Automobiles and Parts|Food, Beverage and Tobacco|Basic Resources",2.0426841453504165,2.0388955979906376,1.0018581370049122
2014-06-30,2014-07-31,0.010514066756731956,0.009314030900033729,0.0012000358566982266,0.011533297436630514,-0.0017622387742640723,Travel and Leisure|Construction and Materials|Technology,Automobiles and Parts|Insurance|Basic Resources,2.064161062817549,2.057885934592265,1.0030493080883645
2014-07-31,2014-08-31,0.05714629420869141,0.05538266583828425,0.0017636283704071595,0.05912567820912876,0.03130484859374671,Construction and Materials|Energy|Health Care,Automobiles and Parts|Telecommunications|Basic Resources,2.1821202182074453,2.171857143641094,1.0047254832558394
2014-08-31,2014-09-30,0.031526310583454224,0.029692468884795986,0.0018338416986582382,0.0367075813410078,-0.017972151535734966,Health Care|Construction and Materials|Financial Services,"Automobiles and Parts|Food, Beverage and Tobacco|Basic Resources",2.250914417937088,2.2363449443008787,1.0065148597372413
2014-09-30,2014-10-31,0.03039330550856046,0.030836492962045232,-0.0004431874534847717,0.02537911694753282,0.028178233278956022,Travel and Leisure|Health Care|Construction and Materials,"Automobiles and Parts|Telecommunications|Food, Beverage and Tobacco",2.3193271475150734,2.3053059794365183,1.006082128881643
2014-10-31,2014-11-30,0.036345930632442416,0.03188317230730734,0.004462758325135076,0.03512926165635476,0.018907240676216384,Travel and Leisure|Chemicals|Health Care,"Automobiles and Parts|Energy|Food, Beverage and Tobacco",2.403625251132597,2.378806447199959,1.0104333011043634
2014-11-30,2014-12-31,0.028269474809080743,0.02739768692069969,0.0008717878883810516,0.028474845262788914,0.01380897654881691,Travel and Leisure|Financial Services|Health Care,Automobiles and Parts|Energy|Telecommunications,2.47157447461996,2.4439802414852854,1.011290694035196
2014-12-31,2015-01-31,0.04241034592663548,0.041405421096975856,0.001004924829659623,0.04278347839826774,0.030839307914486847,Travel and Leisure|Financial Services|Health Care,Automobiles and Parts|Energy|Telecommunications,2.5763948030720347,2.545174272536672,1.0122665590612963
2015-01-31,2015-02-28,0.06458811915561251,0.06242401103080369,0.002164108124808821,0.0856030622083855,0.08952335687486036,Travel and Leisure|Construction and Materials|Industrial Goods and Services,Automobiles and Parts|Energy|Media,2.742799297604752,2.7040542594008192,1.0143284987974015
2015-02-28,2015-03-31,0.02845811813003584,0.02742353446793172,0.0010345836621041202,0.0342122717496752,0.029899625766797475,Construction and Materials|Travel and Leisure|Industrial Goods and Services,Automobiles and Parts|Media|Energy,2.8208542040229676,2.778208984586655,1.0153498961643654
2015-03-31,2015-04-30,-0.03857437324871821,-0.033586325338813214,-0.004988047909904994,-0.049501406751694066,-0.020768330222029948,Travel and Leisure|Construction and Materials|Health Care,Automobiles and Parts|Energy|Media,2.7120415210767694,2.6848991537711138,1.0101092688220832
2015-04-30,2015-05-31,0.0395921119500988,0.03477425318788701,0.004817858762211788,0.046048839269196416,-0.014912249321279318,Travel and Leisure|Health Care|Financial Services,Automobiles and Parts|Energy|Basic Resources,2.819416972592557,2.778264516728294,1.0148122886127215
2015-05-31,2015-06-30,-0.03148388366392699,-0.034371430419213395,0.0028875467552864076,-0.020155636283158557,-0.04508755358247773,Travel and Leisure|Health Care|Retail,Automobiles and Parts|Energy|Telecommunications,2.730650776627352,2.6827715912053978,1.0178469108510433
2015-06-30,2015-07-31,0.043172392213712794,0.03497842410652741,0.008193968107185381,0.04898094504741123,-0.08460819818764066,Travel and Leisure|Health Care|Construction and Materials,Automobiles and Parts|Energy|Basic Resources,2.8485395029545875,2.7766107137035236,1.0259052480407393
2015-07-31,2015-08-31,-0.07139703414270328,-0.07207309804020179,0.0006760638974985106,-0.062181211708477235,-0.06920857625477449,Travel and Leisure|Construction and Materials|Health Care,Automobiles and Parts|Basic Resources|Energy,2.6451622308052998,2.576491777515295,1.0266526964647364
2015-08-31,2015-09-30,-0.019732808338698296,-0.019676278551133713,-5.65297875645826e-05,-0.03503193825659016,-0.05040461819223643,Travel and Leisure|Construction and Materials|Financial Services,Automobiles and Parts|Basic Resources|Energy,2.592965751480055,2.5257960076161985,1.02659349514423
2015-09-30,2015-10-31,0.09430731773741605,0.09668993793187326,-0.002382620194457216,0.09897923090448184,0.1207298788518395,Travel and Leisure|Financial Services|Real Estate,Automobiles and Parts|Media|Energy,2.8375013964871223,2.7700150668211823,1.0243631633900772
2015-10-31,2015-11-30,0.04768818524409254,0.04929101842999497,-0.0016028331859024303,0.03380416863016986,0.02515303472834146,Travel and Leisure|Financial Services|Real Estate,Automobiles and Parts|Basic Resources|Energy,2.9728166887131713,2.9065519305312293,1.0227984084804673
2015-11-30,2015-12-31,-0.03573903935901106,-0.04187814258255956,0.006139103223548506,-0.027587004153726443,-0.09234018636076602,Travel and Leisure|Financial Services|Real Estate,Automobiles and Parts|Basic Resources|Energy,2.8665710760681264,2.7848309343608286,1.02935192248073
2015-12-31,2016-01-31,-0.051074728265935926,-0.04342306320005503,-0.007651665065880893,-0.09064149433929425,-0.05761698852713912,Travel and Leisure|Financial Services|Banks,Automobiles and Parts|Energy|Media,2.720161737302955,2.66390504469661,1.0211181298366256
2016-01-31,2016-02-29,-0.001312710974135857,-0.007829171356725284,0.006516460382589427,0.03547772811835794,-0.000503033548232996,Travel and Leisure|Personal & Household Goods|Construction and Materials,Automobiles and Parts|Energy|Media,2.716590951138973,2.643048875623635,1.0278247126618063
2016-02-29,2016-03-31,0.017176774527218705,0.017142879990115236,3.389453710346893e-05,0.028739077285457926,0.06224774000144843,Telecommunications|Technology|Utilities,Automobiles and Parts|Basic Resources|Energy,2.7632532213893697,2.6883583453064603,1.0278589631526118
2016-03-31,2016-04-30,-0.008919600073658664,-0.00319859661838003,-0.005721003455278634,-0.013527131833115602,0.08153355957155962,Telecommunications|Utilities|Construction and Materials,Automobiles and Parts|Energy|Basic Resources,2.7386061077523274,2.6797593713941694,1.0219597091389374
2016-04-30,2016-05-31,0.04982568099232226,0.04832995841385127,0.0014957225784709913,0.045793838732337666,-0.006613366927840447,Telecommunications|Construction and Materials|Personal & Household Goods,Automobiles and Parts|Energy|Basic Resources,2.8750590220408205,2.8092720303727776,1.023417807516246
2016-05-31,2016-06-30,0.007537473909722616,0.003333668171314142,0.004203805738408475,0.042728779423461836,0.014550633906877034,Telecommunications|Construction and Materials|Personal & Household Goods,Automobiles and Parts|Energy|Basic Resources,2.896729704408366,2.818637211124994,1.0277057625490593
2016-06-30,2016-07-31,0.032701832423881194,0.031635617557983435,0.001066214865897759,0.03280437827303195,0.054885218867307344,Construction and Materials|Telecommunications|Travel and Leisure,Automobiles and Parts|Basic Resources|Insurance,2.9914580737792074,2.9078065399708457,1.028767915835694
2016-07-31,2016-08-31,7.63218475815469e-05,0.005207139902243167,-0.0051308180546616195,-0.02388086694830448,-0.01015339496356372,Telecommunications|Construction and Materials|Energy,Automobiles and Parts|Insurance|Basic Resources,2.9916863873863604,2.9229478954331314,1.023516837936327
2016-08-31,2016-09-30,-0.008963482144593403,-0.008312661278015054,-0.0006508208665783489,-0.017946371684318698,-0.008671881330822159,Health Care|Construction and Materials|Retail,"Automobiles and Parts|Basic Resources|Food, Beverage and Tobacco",2.9648704598707996,2.898650419645109,1.022845128124763
2016-09-30,2016-10-31,0.010105928508218589,0.007892971165974523,0.002212957342244066,0.026087522643590183,0.007108033413330865,Financial Services|Banks|Real Estate,"Automobiles and Parts|Food, Beverage and Tobacco|Personal & Household Goods",2.994833228774383,2.9215293838276075,1.0250909148313057
2016-10-31,2016-11-30,0.07525159544681309,0.06790850069943541,0.007343094747377682,0.09928336067309584,0.09174428299476185,Financial Services|Construction and Materials|Health Care,"Automobiles and Parts|Basic Resources|Food, Beverage and Tobacco",3.220199207336786,3.1199260640326854,1.0321395896076113
2016-11-30,2016-12-31,0.025380555432792155,0.02489566723855109,0.00048488819424106697,0.02943015989264614,0.013045387562814282,"Personal & Household Goods|Technology|Food, Beverage and Tobacco",Automobiles and Parts|Basic Resources|Insurance,3.301929651823231,3.1975987051317256,1.032627904972587
2016-12-31,2017-01-31,-0.002889680385410803,-0.004379685226673303,0.0014900048412624998,0.012246887798585031,0.00506185116456696,Chemicals|Travel and Leisure|Technology,Automobiles and Parts|Utilities|Personal & Household Goods,3.2923881304743507,3.1835942293220305,1.0341732938671298
2017-01-31,2017-02-28,0.05460172439321969,0.056718857792814575,-0.002117133399594885,0.027077242524972015,0.008636421687214554,Construction and Materials|Financial Services|Energy,Automobiles and Parts|Media|Basic Resources,3.4721581997700195,3.364164057684972,1.0321013304444382
2017-02-28,2017-03-31,-0.00380567452820181,-0.0048263154789394275,0.0010206409507376173,0.0030752254076575887,-0.014300747018301647,Technology|Energy|Chemicals,"Automobiles and Parts|Personal & Household Goods|Food, Beverage and Tobacco",3.4589442957512677,3.3479275406196756,1.033159844048191
2017-03-31,2017-04-30,-0.003276626864577971,-0.005430732767451984,0.0021541059028740124,0.007389038304877312,-0.013480743866709548,Technology|Chemicals|Travel and Leisure,Automobiles and Parts|Industrial Goods and Services|Insurance,3.4476106259487302,3.3297458408217775,1.0353975320524356
2017-04-30,2017-05-31,-0.01725377803836687,-0.016463535887359167,-0.0007902421510077029,-0.018136771301182242,-0.02082996306901272,Chemicals|Technology|Financial Services,Automobiles and Parts|Retail|Utilities,3.3881263174458955,3.2749264506756233,1.0345656210834655
2017-05-31,2017-06-30,-0.012597268975127937,-0.010113675463110108,-0.0024835935120178284,-0.019632977652370532,0.0049923619145435146,Chemicals|Energy|Technology,Automobiles and Parts|Insurance|Personal & Household Goods,3.34544517890332,3.2418049073879347,1.0319699286280903
2017-06-30,2017-07-31,-0.012949822136816454,-0.012029575874398929,-0.0009202462624175248,-0.02217069417688337,-0.018692060523826017,Chemicals|Energy|Travel and Leisure,Automobiles and Parts|Insurance|Banks,3.3021222588680517,3.2028073692845127,1.0310086989732776
2017-07-31,2017-08-31,-0.007178374693870912,-0.005380777277763032,-0.0017975974161078797,-0.02914106043119583,-0.019920637217699804,Chemicals|Energy|Construction and Materials,Automobiles and Parts|Insurance|Retail,3.2784183880089253,3.1855737761668146,1.0291453340483705
2017-08-31,2017-09-30,0.0346669954428722,0.02718718839337805,0.007479807049494153,0.06535644713420974,0.03274756342134221,Chemicals|Energy|Construction and Materials,"Automobiles and Parts|Food, Beverage and Tobacco|Personal & Household Goods",3.392071303325859,3.2721805705604665,1.0366393999903427
2017-09-30,2017-10-31,0.038685089735529685,0.03844371198461652,0.00024137775091316593,0.027355556640383232,0.007882835786836512,Chemicals|Basic Resources|Health Care,Automobiles and Parts|Telecommunications|Retail,3.5232938860843355,3.3979753379767517,1.036880358343684
2017-10-31,2017-11-30,0.004681224873887218,0.0072467995701780705,-0.0025655746962908524,-0.0047566073394664675,0.020249424932285095,Chemicals|Financial Services|Basic Resources,Automobiles and Parts|Telecommunications|Media,3.539787217061888,3.4225997841954774,1.0342393035281385
2017-11-30,2017-12-31,0.007949132234803225,0.004299547435548825,0.0036495847992543996,0.04034910365161111,0.011448391890743481,Chemicals|Basic Resources|Financial Services,Automobiles and Parts|Media|Personal & Household Goods,3.5679254537333795,3.4373154143205245,1.0379976882158408
2017-12-31,2018-01-31,0.02363897040311471,0.020152742405972417,0.003486227997142294,0.018593231076329025,-0.025442808319450245,Chemicals|Basic Resources|Health Care,"Automobiles and Parts|Food, Beverage and Tobacco|Personal & Household Goods",3.6522675379347027,3.5065867464334044,1.0415448987963787
2018-01-31,2018-02-28,-0.015908408389965746,-0.01637784543408155,0.0004694370441158044,-0.02230055533310518,-0.041549581321650216,Chemicals|Basic Resources|Financial Services,Automobiles and Parts|Utilities|Media,3.5941657743918225,3.4491564106991195,1.0420419796686782
2018-02-28,2018-03-31,-0.037665641821365024,-0.032855238097198564,-0.004810403724166461,-0.04706725015278235,-0.0036618223028489056,Technology|Health Care|Chemicals,Automobiles and Parts|Utilities|Personal & Household Goods,3.458789213686971,3.335833555591121,1.0368590506830793
2018-03-31,2018-04-30,0.022221352895631027,0.022667292026496772,-0.0004459391308657447,0.015117782725838353,0.009731299658596027,Technology|Industrial Goods and Services|Health Care,Automobiles and Parts|Utilities|Media,3.5356481893959115,3.411447868947492,1.036406923165658
2018-04-30,2018-05-31,0.0647266054469087,0.06062401563000858,0.004102589816900114,0.07646287116730101,0.05457640810688916,Technology|Industrial Goods and Services|Health Care,Automobiles and Parts|Personal & Household Goods|Utilities,3.7644986947500176,3.6182635378755243,1.040415839074109
2018-05-31,2018-06-30,0.003039763762553737,0.0059438303359992915,-0.0029040665734455543,0.006000607453461045,0.016620456196478568,Health Care|Technology|Energy,"Automobiles and Parts|Personal & Household Goods|Food, Beverage and Tobacco",3.7759418814664993,3.6397698824555893,1.0374122550074625
2018-06-30,2018-07-31,0.03853199832674063,0.035519823982744815,0.0030121743439958173,0.048852957795731095,0.012378499653638348,Technology|Health Care|Industrial Goods and Services,Automobiles and Parts|Media|Personal & Household Goods,3.921436467725037,3.7690538680181076,1.0404299341540206
2018-07-31,2018-08-31,0.0437197779854438,0.03992682173050757,0.003792956254936225,0.04880236431493393,-0.004024980344112156,Technology|Retail|Energy,Automobiles and Parts|Media|Personal & Household Goods,4.0928807994779985,3.9195402098991465,1.0442247254259733
2018-08-31,2018-09-30,0.007316146302717059,0.007279483002857499,3.666329985956007e-05,0.012407076244752189,0.0022061097367543302,Retail|Energy|Technology,"Automobiles and Parts|Personal & Household Goods|Food, Beverage and Tobacco",4.122824914206562,3.948072436236124,1.0442627334712828
2018-09-30,2018-10-31,-0.05428919557047672,-0.0462219769256262,-0.008067218644850521,-0.07599732773744465,0.01472248959801111,Retail|Energy|Financial Services,"Automobiles and Parts|Personal & Household Goods|Food, Beverage and Tobacco",3.8990000661363675,3.765584723187717,1.0354301795753276
2018-10-31,2018-11-30,0.020927791620579984,0.02160361776275952,-0.0006758261421795364,0.010729950690332215,0.019342084910785515,Energy|Health Care|Technology,"Automobiles and Parts|Personal & Household Goods|Food, Beverage and Tobacco",3.9805975270490968,3.8469349762007505,1.034745206684089
2018-11-30,2018-12-31,-0.0994784843428237,-0.10053030592803082,0.0010518215852071133,-0.10799818891302798,-0.1270866689296348,Health Care|Energy|Media,Automobiles and Parts|Banks|Insurance,3.5846137182794604,3.460201426158047,1.0359552167052748
2018-12-31,2019-01-31,0.07273823714190013,0.07717056812085805,-0.004432330978957927,0.05212749298712841,0.10369052175403266,"Health Care|Travel and Leisure|Food, Beverage and Tobacco",Automobiles and Parts|Insurance|Banks,3.84535220098178,3.727227136027267,1.0316924782535306
2019-01-31,2019-02-28,0.03760534900410595,0.04023113332484946,-0.002625784320743514,0.01362724218659559,0.02642180081080536,"Health Care|Travel and Leisure|Food, Beverage and Tobacco",Automobiles and Parts|Insurance|Banks,3.989958012543407,3.877177707868777,1.0290882474759258
2019-02-28,2019-03-31,0.03853644534506976,0.034326374527242076,0.004210070817827684,0.03305894433418735,-0.009937048788064255,Health Care|Travel and Leisure|Retail,Automobiles and Parts|Insurance|Banks,4.14371681142291,4.0102671619777555,1.0332769972809843
2019-03-31,2019-04-30,0.04443814277131517,0.04334387930046935,0.0010942634708458188,0.05451014849625557,0.0592300964620944,Health Care|Media|Retail,Automobiles and Parts|Personal & Household Goods|Insurance,4.3278558906928195,4.184087697809155,1.034360702563415
2019-04-30,2019-05-31,-0.052295187682911776,-0.05754578653802398,0.005250598855112205,-0.027090669622089013,-0.07751296456371277,Health Care|Retail|Utilities,Automobiles and Parts|Banks|Insurance,4.101529854624443,3.943311080294657,1.0401233306498263
2019-05-31,2019-06-30,0.048467872802968014,0.047889223331568254,0.00057864947139976,0.051158559474845204,0.05946125760530115,Health Care|Retail|Travel and Leisure,Automobiles and Parts|Banks|Personal & Household Goods,4.300322281915957,4.132153185284736,1.040697691757919
2019-06-30,2019-07-31,0.036167550618002364,0.03788482142492089,-0.001717270806918525,0.026845680366094388,0.03052511990573183,Health Care|Retail|Travel and Leisure,Automobiles and Parts|Chemicals|Personal & Household Goods,4.455854405720876,4.288699070809667,1.0389757668121145
2019-07-31,2019-08-31,-0.0007121615504441211,-0.006031123785335277,0.005318962234891156,0.007005749146570986,-0.045918039521070035,Health Care|Travel and Leisure|Retail,Automobiles and Parts|Banks|Insurance,4.452681117538745,4.262833395835561,1.0445355715493478
2019-08-31,2019-09-30,0.022935608258286666,0.029614700751831417,-0.006679092493544751,0.004625292504586541,0.06957052322585279,Health Care|Travel and Leisure|Retail,Automobiles and Parts|Chemicals|Banks,4.554806067349684,4.389075931208145,1.037759687628808
2019-09-30,2019-10-31,-0.0027281118695648933,-0.001519418314400949,-0.0012086935551639442,-0.004928258624980514,-0.00538493247286329,Health Care|Travel and Leisure|Retail,Automobiles and Parts|Banks|Chemicals,4.542380046853781,4.382407088854971,1.0365034454251505
2019-10-31,2019-11-30,0.045633776086773666,0.0479418023072672,-0.002308026220493538,0.037820066195700684,0.045333351618788875,Travel and Leisure|Health Care|Retail,Automobiles and Parts|Banks|Insurance,4.749666000812935,4.592507583138823,1.034220611469671
2019-11-30,2019-12-31,0.011094425546389064,0.011280866124029202,-0.00018644057764013837,0.009933689867016789,0.009444744381982369,"Health Care|Retail|Food, Beverage and Tobacco",Automobiles and Parts|Banks|Insurance,4.80236081662917,4.644315046357801,1.034029941701589
2019-12-31,2020-01-31,0.015851208541693217,0.012793990195290143,0.0030572183464030733,0.004250037878212152,-0.04604337699852524,"Health Care|Telecommunications|Food, Beverage and Tobacco",Automobiles and Parts|Banks|Media,4.878484039426016,4.70373436752474,1.0371512628578203
2020-01-31,2020-02-29,-0.06932975548369975,-0.0748059582396927,0.005476202755992948,-0.05609701506680371,-0.1081215099451769,Technology|Health Care|Retail,Automobiles and Parts|Utilities|Banks,4.540259933841478,4.351867010857077,1.0432901378912536
2020-02-29,2020-03-31,-0.10974906902905254,-0.12781588128532786,0.018066812256275322,-0.05731067343995925,-0.239625314664477,Health Care|Technology|Retail,Automobiles and Parts|Banks|Real Estate,4.041970632952467,3.795629293627835,1.0649013168220074
2020-03-31,2020-04-30,0.13737564153973827,0.12965632335526028,0.007719318184477991,0.15703574742041415,0.10133710449148521,Retail|Technology|Health Care,Automobiles and Parts|Banks|Utilities,4.597238941739095,4.287756632659144,1.0721781424632812
2020-04-30,2020-05-31,0.03358252046277993,0.03145277550319031,0.002129744959589619,0.030549363621311675,0.03259115018737118,Technology|Health Care|Retail,Automobiles and Parts|Banks|Insurance,4.751625812572337,4.422618479438487,1.0743919772106643
2020-05-31,2020-06-30,0.011864321718371271,0.008160530540583959,0.0037037911777873123,0.02059020514090328,-0.006261877754670293,Health Care|Technology|Retail,Automobiles and Parts|Banks|Insurance,4.808000629898014,4.458709392609295,1.0783390902012362
2020-06-30,2020-07-31,0.00627497033513831,0.003351080519834756,0.0029238898153035537,0.01844539553857612,-0.0017996701353521147,Health Care|Retail|Technology,Automobiles and Parts|Banks|Construction and Materials,4.83817069122195,4.473650886798472,1.0814815044015076
2020-07-31,2020-08-31,0.06070487836842412,0.059416438732022826,0.001288439636401295,0.041819016841177364,0.025311564047607624,Health Care|Retail|Personal & Household Goods,Automobiles and Parts|Banks|Utilities,5.131871254558252,4.739459290622393,1.0827967790993152
2020-08-31,2020-09-30,-0.01510972257547559,-0.018183095513014096,0.0030733729375385065,0.005215953046157067,-0.012456335755890122,Retail|Health Care|Chemicals,Automobiles and Parts|Banks|Insurance,5.054330103608819,4.653281249660964,1.086186248462217
2020-09-30,2020-10-31,-0.025368030427082997,-0.020170048541598765,-0.005197981885484232,-0.03146726580287766,0.06384403585777372,Retail|Chemicals|Personal & Household Goods,Automobiles and Parts|Banks|Utilities,4.926111703751949,4.559424340977591,1.0804240481586183
2020-10-31,2020-11-30,0.07846730890567506,0.07948237203012642,-0.0010150631244513625,0.06863474943810151,0.10320823337515227,Retail|Chemicals|Personal & Household Goods,Automobiles and Parts|Banks|Utilities,5.312650432514115,4.921818202690385,1.0794080995535533
2020-11-30,2020-12-31,0.009289886825103403,0.014537890163202609,-0.005248003338099206,-0.0036205967465674153,0.034050491793407724,Chemicals|Retail|Health Care,Automobiles and Parts|Banks|Media,5.362004353773508,4.993371055124349,1.073824535485072
2020-12-31,2021-01-31,-0.0027184407959134666,-0.002545442298810768,-0.00017299849710269858,-0.007132730923473325,-0.006955842712742063,Chemicals|Retail|Technology,Banks|Insurance|Utilities,5.347428062390344,4.980660717226979,1.0736382913806597
2021-01-31,2021-02-28,0.026415429282258058,0.028517159725327156,-0.0021017304430690983,0.044134314546136165,0.059411541759085945,Chemicals|Basic Resources|Technology,Banks|Utilities|Media,5.488682670214379,5.122695014437802,1.0714443578516928
2021-02-28,2021-03-31,0.07709202400712949,0.07943525035895829,-0.002343226351828806,0.076133789837893,0.09903449838078054,Chemicals|Health Care|Technology,Banks|Insurance|Real Estate,5.911816326394062,5.529617575422257,1.069118478042782
2021-03-31,2021-04-30,0.027562009526611635,0.028469499078708223,-0.0009074895520965881,0.023493046277381285,0.03531283904657332,Technology|Chemicals|Automobiles and Parts,Banks|Construction and Materials|Insurance,6.074757864301713,5.68704301789135,1.0681751210937949
2021-04-30,2021-05-31,-0.00325881624092192,-0.008503440883834156,0.005244624642912236,0.03666307478981841,-0.004771208417987044,Technology|Chemicals|Basic Resources,Utilities|Banks|Travel and Leisure,6.054961344713858,5.638683583784889,1.0738253450018111
2021-05-31,2021-06-30,0.06499389790438617,0.05590453545399844,0.00908936245038773,0.07830290985834286,0.006104911376849958,Technology|Health Care|Retail,Utilities|Banks|Telecommunications,6.448496884167196,5.95391157010847,1.0830689720925288
2021-06-30,2021-07-31,0.02661635446938312,0.02349911247180584,0.003117241997577281,0.032211860741209845,0.01103052423383665,Technology|Basic Resources|Chemicals,Utilities|Banks|Travel and Leisure,6.620132363030903,6.093823207741635,1.086367644309182
2021-07-31,2021-08-31,0.03334423534959853,0.0349051113284592,-0.0015608759788606694,0.02974517933140645,0.04335234557313361,Technology|Basic Resources|Health Care,Utilities|Banks|Telecommunications,6.840875614589299,6.306528785223806,1.0847291509423485
2021-08-31,2021-09-30,-0.03463229155667877,-0.027194286032100428,-0.00743800552457834,-0.0523890331591342,0.008890000997159996,Technology|Basic Resources|Chemicals,Travel and Leisure|Banks|Telecommunications,6.603960415801868,6.135027237568755,1.0764353865230674
2021-09-30,2021-10-31,0.08814067056123716,0.07162907689411753,0.01651159366711963,0.16672920355375745,0.035640435333977115,Technology|Automobiles and Parts|Health Care,Construction and Materials|Utilities|Telecommunications,7.186037915210511,6.574473575316072,1.09302103550778
2021-10-31,2021-11-30,0.020853245225557808,0.01913025404090901,0.0017229911846487964,0.034949514204490335,0.01754134397291548,Automobiles and Parts|Health Care|Personal & Household Goods,Utilities|Telecommunications|Retail,7.335890126056552,6.700244924997112,1.094868950042108
2021-11-30,2021-12-31,0.034293889970572256,0.03682321914422593,-0.0025293291736536716,0.010209424120596418,0.031854461586042666,Health Care|Automobiles and Parts|Energy,Banks|Insurance|Telecommunications,7.587466334875742,6.946969512190269,1.0921980183678013
2021-12-31,2022-01-31,-0.06276763569013069,-0.07061054452808348,0.007842908837952786,0.009042319205973176,-0.029337780446900455,Energy|Telecommunications|Real Estate,Media|Construction and Materials|Travel and Leisure,7.111219012157131,6.4564402121145195,1.1014148320949397
2022-01-31,2022-02-28,-0.04607436529079483,-0.047604582565096976,0.0015302172743021439,-0.036710710537369795,-0.03756739503280867,"Food, Beverage and Tobacco|Real Estate|Personal & Household Goods",Media|Utilities|Travel and Leisure,6.783574109728158,6.149084070960301,1.1031844794193502
2022-02-28,2022-03-31,0.04071274413536914,0.04411006035939981,-0.0033973162240306665,0.030950545005037938,0.048560192461416435,"Food, Beverage and Tobacco|Personal & Household Goods|Energy",Media|Banks|Travel and Leisure,7.059752026780835,6.420320540485384,1.0995949473649036
2022-03-31,2022-04-30,-0.026985613223161724,-0.043661227386559025,0.0166756141633973,0.06513622015466035,-0.043134941202090264,"Energy|Food, Beverage and Tobacco|Personal & Household Goods",Media|Construction and Materials|Utilities,6.869240289134695,6.140001465472657,1.1187685097084747
2022-04-30,2022-05-31,0.009251214750027019,0.012089463789213153,-0.0028382490391861345,0.01507547053679715,0.06169223732755233,"Energy|Basic Resources|Food, Beverage and Tobacco",Media|Banks|Insurance,6.932789106219018,6.214230790855203,1.115631095713606
2022-05-31,2022-06-30,-0.07750793133239163,-0.08482952058031853,0.007321589247926905,-0.06084557778366507,-0.12838626248908785,"Energy|Food, Beverage and Tobacco|Personal & Household Goods",Media|Banks|Insurance,6.395442964232242,5.687080572091502,1.124556419266666
2022-06-30,2022-07-31,0.12649601972108063,0.1261074685375963,0.0003885511834843258,0.10731109334521098,0.0773498812166432,"Energy|Food, Beverage and Tobacco|Travel and Leisure",Banks|Media|Construction and Materials,7.20444104356081,6.404263906407306,1.1249444352774012
2022-07-31,2022-08-31,-0.03476825134469741,-0.038937826080745724,0.004169574736048315,0.005700133068242194,0.008282781015375567,"Energy|Food, Beverage and Tobacco|Personal & Household Goods",Media|Banks|Insurance,6.953955226560234,6.154895792244421,1.1298250143118072
2022-08-31,2022-09-30,-0.07775694453099428,-0.0796594576155301,0.0019025130845358174,-0.08519498391562437,-0.10342295511647233,"Food, Beverage and Tobacco|Personal & Household Goods|Real Estate",Media|Technology|Construction and Materials,6.413236915737572,5.664600131754122,1.1321605703087156
2022-09-30,2022-10-31,0.09169114319616137,0.08858652395588075,0.0031046192402806178,0.10200864468444114,0.06463816099953355,"Food, Beverage and Tobacco|Personal & Household Goods|Financial Services",Media|Chemicals|Basic Resources,7.001273940129375,6.1664073670262445,1.1353894615473232
2022-10-31,2022-11-30,0.0504695817103949,0.05077906664499278,-0.000309484934597877,0.03553914265606184,0.033526162311640205,"Food, Beverage and Tobacco|Personal & Household Goods|Travel and Leisure",Media|Construction and Materials|Industrial Goods and Services,7.354625307327592,6.479531777676645,1.1350550563955608
2022-11-30,2022-12-31,-0.0809641227829703,-0.08696620166080671,0.006002078877836409,-0.043612000646666794,-0.10428405003348658,"Food, Beverage and Tobacco|Personal & Household Goods|Energy",Media|Chemicals|Basic Resources,6.759164520922381,5.916031510431612,1.1425166530982958
2022-12-31,2023-01-31,0.04255403105291761,0.0552857380107847,-0.012731706957867094,0.019178497592657776,0.1586797045440581,"Personal & Household Goods|Food, Beverage and Tobacco|Travel and Leisure",Media|Automobiles and Parts|Utilities,7.0467942178374905,6.243103678580881,1.1287325312270478
2023-01-31,2023-02-28,0.0038192629436298,0.010717983383951746,-0.006898720440321946,-0.029598311395104365,0.01657915241382759,"Personal & Household Goods|Food, Beverage and Tobacco|Financial Services",Media|Automobiles and Parts|Construction and Materials,7.073707777865062,6.310017160072198,1.1210282949189516
2023-02-28,2023-03-31,0.015684248479100913,0.01256429287069595,0.0031199556084049625,0.0052259522844578105,-0.07328704708222424,"Personal & Household Goods|Food, Beverage and Tobacco|Energy",Media|Banks|Chemicals,7.184653568321646,6.389298063690463,1.124482454363975
2023-03-31,2023-04-30,-0.014569054115825819,-0.018254560057470667,0.0036855059416448475,0.019827897879980624,0.01713669203797851,"Personal & Household Goods|Food, Beverage and Tobacco|Travel and Leisure",Media|Banks|Insurance,7.079979961681306,6.272664238461744,1.1287037999370968
2023-04-30,2023-05-31,0.04383968680047678,0.04280861778498084,0.0010310690154959404,-0.0019664579008539357,-0.0890534400847597,"Personal & Household Goods|Telecommunications|Food, Beverage and Tobacco",Media|Banks|Insurance,7.390364065755065,6.541188324339571,1.1298197971545532
2023-05-31,2023-06-30,0.040987954904215286,0.04125734581541389,-0.000269390911198604,0.03867347450701803,0.04062051325473206,"Personal & Household Goods|Food, Beverage and Tobacco|Industrial Goods and Services",Media|Banks|Insurance,7.693279974807967,6.811060393080597,1.1295274936372057
2023-06-30,2023-07-31,0.03547918623652658,0.03368734687322714,0.0017918393632994356,0.04350510292524543,0.02711366774564797,"Personal & Household Goods|Food, Beverage and Tobacco|Technology",Media|Banks|Insurance,7.966231287803921,7.040506947116801,1.131485466549567
2023-07-31,2023-08-31,0.0049419871345294285,0.004260465281765521,0.0006815218527639073,0.00040912496708046055,-0.026865561273962068,"Personal & Household Goods|Technology|Food, Beverage and Tobacco",Media|Banks|Insurance,8.005600300338934,7.070502782531021,1.1322533271775586
2023-08-31,2023-09-30,-0.03767635360581191,-0.0372187021072082,-0.0004576514986037103,-0.04187720207994946,-0.04290830310791876,Retail|Technology|Travel and Leisure,Media|Utilities|Banks,7.70397847259657,6.8073478457198116,1.131715118310066
2023-09-30,2023-10-31,-0.028022595298452448,-0.028842463296848298,0.0008198679983958505,-0.022900852795846444,-0.028280890651775224,Technology|Retail|Financial Services,Media|Utilities|Basic Resources,7.4880930016710066,6.611007165330759,1.1326705317973083
2023-10-31,2023-11-30,0.09131054630727192,0.08567815838037204,0.005632387926899879,0.12595215104536428,0.08275523122649343,Financial Services|Real Estate|Technology,Media|Utilities|Chemicals,8.171834864453245,7.1774260842957425,1.138546711380738
2023-11-30,2023-12-31,0.05449221896248658,0.05374192708824996,0.0007502918742366207,0.05451101682994356,0.037647953260737034,Technology|Retail|Travel and Leisure,Construction and Materials|Chemicals|Media,8.617136279212314,7.563154793599268,1.139357386484412
2023-12-31,2024-01-31,0.03586466053548497,0.0301207971116567,0.0057438634238282694,0.06802286979284565,0.01466159136354403,Retail|Telecommunications|Technology,Media|Construction and Materials|Utilities,8.926186946654274,7.790963044661325,1.1457103435718194
2024-01-31,2024-02-29,0.06285130321552486,0.0572274614722736,0.005623841743251257,0.06620535361920411,-0.025370507184146646,Retail|Financial Services|Travel and Leisure,Media|Utilities|Automobiles and Parts,9.487209428996902,8.236820082131588,1.1518048633328566
2024-02-29,2024-03-31,0.03435499362168807,0.03604943637321121,-0.0016944427515231397,0.028759135173254537,0.061413170391528014,Technology|Financial Services|Real Estate,Media|Construction and Materials|Utilities,9.81314244841771,8.53375280359998,1.149921104379543
2024-03-31,2024-04-30,-0.05995007913429747,-0.05754237563472402,-0.002407703499573449,-0.07088580345541695,-0.017483488922582495,Financial Services|Technology|Real Estate,Automobiles and Parts|Utilities|Construction and Materials,9.224843782078933,8.04270039420135,1.1469833923852102
2024-04-30,2024-05-31,0.035002006968659224,0.03375812481691267,0.0012438821517465545,0.05944567684279714,0.054863362110296354,Technology|Financial Services|Telecommunications,Automobiles and Parts|Utilities|Construction and Materials,9.547731828424052,8.314206877973833,1.1483635142298538
2024-05-31,2024-06-30,0.08359741106100597,0.06842051045469486,0.01517690060631112,0.11688114308768272,-0.05754665939875081,Retail|Technology|Telecommunications,Utilities|Automobiles and Parts|Media,10.345897490785068,8.883069156590738,1.1646760042511877
2024-06-30,2024-07-31,-0.014614956869783103,-0.016265586567950668,0.0016506296981675644,0.026064559214979882,0.025398496663877893,Technology|Financial Services|Real Estate,Automobiles and Parts|Media|Utilities,10.194692645178048,8.738580826235118,1.1666302398407034
2024-07-31,2024-08-31,-0.03301109000918127,-0.03281896583064069,-0.00019212417854058,-0.014587629327318183,-0.010214737991494461,Technology|Financial Services|Real Estate,Automobiles and Parts|Utilities|Media,9.858154728652137,8.451789640690617,1.1663984963836136
2024-08-31,2024-09-30,0.01892414123900518,0.01769267508958429,0.0012314661494208894,0.0380601972832266,0.035319714612101094,Technology|Telecommunications|Financial Services,Media|Automobiles and Parts|Utilities,10.044711841093116,8.60132440872887,1.1678099050536284
2024-09-30,2024-10-31,0.018765946096851494,0.012650037850077267,0.0061159082467742275,0.02895987851160234,-0.044298771759024864,Technology|Telecommunications|Financial Services,Automobiles and Parts|Utilities|Basic Resources,10.233210362061476,8.710131488060084,1.1748629025967334
2024-10-31,2024-11-30,0.08035610494187358,0.08418011011144129,-0.0038240051695677124,0.07210374716307992,0.10487028519652103,Technology|Telecommunications|Real Estate,Automobiles and Parts|Utilities|Media,11.055511287807555,9.443351315810112,1.1707190506931957
2024-11-30,2024-12-31,0.017421887713916066,0.015704270517930857,0.0017176171959852084,0.03286411184023281,0.00559658336017813,Telecommunications|Technology|Health Care,Automobiles and Parts|Utilities|Banks,11.24811916408367,9.591652259469452,1.1726988072340565
2024-12-31,2025-01-31,0.015389800433742298,0.023500450681627982,-0.008110650247885685,-0.01111624544234066,0.057989921272903276,Technology|Automobiles and Parts|Telecommunications,Utilities|Basic Resources|Banks,11.42122547327387,9.817060410348438,1.1634058461364296
2025-01-31,2025-02-28,-0.02239928926679845,-0.012777950901918455,-0.009621338364879996,-0.07407640063026695,0.012813973881927442,Technology|Telecommunications|Automobiles and Parts,Utilities|Banks|Basic Resources,11.16539814011668,9.691618494423837,1.1520674432800668
2025-02-28,2025-03-31,-0.09237129162874627,-0.08991586927836435,-0.0024554223503819167,-0.0953334821800329,-0.054910586186927374,Technology|Telecommunications|Retail,"Basic Resources|Banks|Food, Beverage and Tobacco",10.134035892364901,8.820188192783444,1.1489591458668
2025-03-31,2025-04-30,-0.047183099365752344,-0.056201483779341935,0.00901838441358959,0.005445254815219939,-0.05599995084725503,Technology|Automobiles and Parts|Media,"Basic Resources|Banks|Food, Beverage and Tobacco",9.655880669879346,8.324480529135982,1.1599379247850259
2025-04-30,2025-05-31,0.0746171196964489,0.06849185033149925,0.006125269364949643,0.09697142075691507,0.053645755351887266,Automobiles and Parts|Technology|Health Care,Energy|Banks|Utilities,10.376374673598361,8.894639603625045,1.1665874207392763
2025-05-31,2025-06-30,0.012630140149294113,0.016285138641628605,-0.003654998492334492,-0.009987123994809855,0.02208475719555733,Technology|Automobiles and Parts|Telecommunications,Energy|Construction and Materials|Banks,10.507429739967494,9.039490042737398,1.1623918705911385
2025-06-30,2025-07-31,0.03908293503055181,0.04799112917335534,-0.008908194142803527,-0.01434011769918788,0.05075966158575603,Automobiles and Parts|Media|Telecommunications,Energy|Banks|Construction and Materials,10.91809093383273,9.473305377039667,1.152511240722248
2025-07-31,2025-08-31,0.0018749355545031282,-0.0023333098071935637,0.004208245361696692,0.02412978984539174,-0.018467519418314877,Automobiles and Parts|Telecommunications|Media,Energy|Construction and Materials|Utilities,10.93856165071187,9.45120122069688,1.1573726339417965
2025-08-31,2025-09-30,0.04667062389806492,0.0319762234360225,0.014694400462042422,0.12168929466170153,0.007672235220354537,Technology|Automobiles and Parts|Media,Energy|Banks|Construction and Materials,11.44907114749804,9.753414942668693,1.1738525649525364
2025-09-30,2025-10-31,0.046849748459042814,0.04184544258392005,0.0050043058751227665,0.061307767049402793,0.011988092615814601,Automobiles and Parts|Technology|Retail,Energy|Basic Resources|Utilities,11.98545725084801,10.161550907649284,1.1794909418625998
2025-10-31,2025-11-30,-0.007383370236422112,-0.002945142015104561,-0.004438228221317552,-0.02166411505732918,0.028820348003810548,Technology|Automobiles and Parts|Real Estate,Energy|Utilities|Basic Resources,11.896964182512189,10.131623697132543,1.1742406289605163
2025-11-30,2025-12-31,-0.00970614578828044,-0.0110960330926375,0.0013898873043570598,-0.002792258663851018,-0.012949867867970312,Technology|Automobiles and Parts|Retail,Energy|Travel and Leisure|Utilities,11.781490513718776,10.01920286530701,1.1758910037158694
2025-12-31,2026-01-31,-0.0035574669452744104,0.0015606213230060831,-0.005118088268280493,-0.007360651772452604,0.06451992045345518,Technology|Automobiles and Parts|Retail,Energy|Construction and Materials|Travel and Leisure,11.739578250650158,10.034839046938133,1.1698820674390569
2026-01-31,2026-02-28,-0.0066182671036007015,-0.00021472276895829773,-0.006403544334642404,-0.008782129558317866,0.10061091870756171,Technology|Automobiles and Parts|Real Estate,Energy|Basic Resources|Construction and Materials,11.661882586103735,10.032684338511924,1.1623890668360706
2026-02-28,2026-03-31,-0.032935004186917964,-0.026164257572212007,-0.006770746614705957,-0.0396915815893382,0.009415096870631287,Technology|Automobiles and Parts|Real Estate,Energy|Utilities|Basic Resources,11.277798434303062,9.7701866013384,1.154307373490506
2026-03-31,2026-04-30,0.0926036025470263,0.08524843293842209,0.007355169608604217,0.10155753188037246,0.0279591877063628,Technology|Automobiles and Parts|Retail,Utilities|Telecommunications|Basic Resources,12.322163198118737,10.603079698618465,1.1621305836005609
2026-04-30,2026-05-31,0.07266107916462397,0.058993933289190614,0.013667145875433356,0.10327258862639045,0.003861278034642449,Technology|Automobiles and Parts|Financial Services,Utilities|Basic Resources|Industrial Goods and Services,13.21750487373666,11.228597075018735,1.177128788701736
