Date,sector_code,leverage,leverage_coverage_n,margin,margin_coverage_n,valuation,valuation_coverage_n,momentum,momentum_coverage_n,growth,growth_coverage_n,lowvol,lowvol_coverage_n,quality_style,quality_style_coverage_n,value_style,value_style_coverage_n,growth_style,growth_style_coverage_n,momentum_style,momentum_style_coverage_n,lowvol_style,lowvol_style_coverage_n,financial_quality_proxy,financial_quality_proxy_coverage_n,financial_value_proxy,financial_value_proxy_coverage_n,finaware_leverage,finaware_leverage_coverage_n,finaware_margin,finaware_margin_coverage_n,finaware_quality,finaware_quality_coverage_n,finaware_valuation,finaware_valuation_coverage_n,fs_sector_pillar_score,fs_sector_pillar_score_coverage_n,fs_sector_factor_score,fs_sector_factor_score_coverage_n,fs_sector_reco_score,fs_sector_reco_score_coverage_n,sector_weight,constituents,sector_name,score_excel_like_plain,score_excel_like_financial_aware,score_final_screen_only,score_final_fs_sector,score_final_fs_sector_reco_blend,score_final,next_date,sector_forward_return,return_coverage_n,rank,recommendation
2026-04-30,16,6.002706345915424,68.0,8.176459929462888,68,6.474716971444637,68.0,9.999036465485428,68,6.432627660913843,68,2.850831535234072,68,6.494898233932199,68,3.813247325067576,68,7.115753735162752,68,6.853415077342466,68,7.149168505808367,68,7.427198122949593,68,4.537041839597357,68,6.002706345915424,68,8.176459929462888,68,6.494898233932199,68,6.474716971444637,68,7.697603751292275,68.0,7.697603751292275,68.0,,,0.4279846753722811,68,Technology,6.6560631514093815,6.6560631514093815,6.484807602688418,7.091205676990347,,7.091205676990347,2026-05-31,0.13334887767326054,68,1.0,Positive
2026-04-30,1,1.5688822164381628,5.0,1.79583229546215,5,9.047016735224966,5.0,10.000000000000002,5,7.972815497850636,5,6.27363036770682,5,3.933008758096062,5,1.1969663490637812,5,6.095927737426391,5,6.3813857703745525,5,3.7263693569973917,5,2.4837928046886484,5,3.5934763277963357,5,1.5688822164381628,5,1.79583229546215,5,3.933008758096062,5,9.047016735224966,5,,,,,,,0.02005346841263357,5,Automobiles and Parts,6.109696185447123,6.109696185447123,6.490012746660514,6.490012746660514,,6.490012746660514,2026-05-31,0.15390299730332313,5,2.0,Positive
2026-04-30,6,6.958862018780026,3.0,5.356028732710785,30,7.138798888683761,24.0,9.871713711101531,30,4.860702126574013,30,4.23710897273946,30,5.3821609997976125,30,3.576961399411766,30,5.668442003595991,30,4.2948897897800675,30,5.762890846420208,30,5.796146881281267,30,4.688918524730436,30,5.796146881281267,30,5.796146881281267,30,5.796146881281267,30,4.688918524730436,30,6.347677595628416,30.0,6.347677595628416,30.0,,,0.04688688203096649,30,Financial Services,6.403869075098264,5.875122849617995,5.2425327030058515,5.795105149317134,,5.795105149317134,2026-05-31,0.02256589090258771,30,3.0,Positive
2026-04-30,10,2.3,1.0,4.7443032213485425,22,2.9554483018016553,18.0,9.988567953662233,22,3.2126154289873625,21,3.1314835484544643,22,5.855239169703633,22,6.141109644417166,22,4.727018256892567,22,3.9648638883906067,22,6.868516567622494,22,4.859138488737538,22,5.616093582892366,22,4.859138488737538,22,4.859138488737538,22,4.859138488737538,22,5.616093582892366,22,6.347677595628417,22.0,6.347677595628417,22.0,,,0.015361388289484043,22,Insurance,4.388736409042377,5.277839581911917,5.237616035814952,5.792646815721684,,5.792646815721684,2026-05-31,-0.026043527718950524,22,4.0,Neutral
2026-04-30,11,5.22042739504697,13.0,7.511360866428864,13,6.817584207668398,13.0,9.999999999999998,13,6.832541311224226,13,5.627615897031349,13,5.355222655359758,13,3.857070761576853,13,6.965240857767765,13,6.022398773522737,13,4.372384213142269,13,6.31095957571541,13,4.378037368428933,13,5.22042739504697,13,7.511360866428864,13,5.355222655359758,13,6.817584207668398,13,5.398770491803279,13.0,5.398770491803279,13.0,,,0.012068835418153144,13,Media,7.001588279566634,7.001588279566634,6.0864034315140785,5.742586961658679,,5.742586961658679,2026-05-31,-0.04328676159376864,13,5.0,Neutral
2026-04-30,14,3.9276002781739936,31.0,5.0197652461646145,31,6.557572813162952,31.0,10.0,31,5.383315382876948,31,4.627698012564357,31,5.329748088434923,31,3.7410776311918728,31,5.618770528943863,31,6.007366863428213,31,5.372302009802033,31,5.303753601380898,31,4.628287612673099,31,5.303753601380898,31,5.303753601380898,31,5.303753601380898,31,4.628287612673099,31,6.347677595628416,31.0,6.347677595628416,31.0,,,0.01911149209794816,31,Real Estate,5.919325288823811,5.874468035146034,4.966020607026999,5.656849101327707,,5.656849101327707,2026-05-31,-0.0053957835394845555,31,6.0,Neutral
2026-04-30,2,,,5.337012724605034,13,,,10.0,13,5.07160588125362,13,5.622279322192139,13,4.275014849970291,13,5.5691983003566845,13,6.2022673369520325,13,7.585150517434334,13,4.377720641002829,13,4.275014849970291,13,5.029734786755661,13,4.275014849970291,13,4.275014849970291,13,4.275014849970291,13,5.029734786755661,13,6.347677595628416,13.0,6.347677595628416,13.0,,,0.03381000082709791,13,Banks,6.507724482012699,5.712274948357,4.652374818362976,5.500026206995695,,5.500026206995695,2026-05-31,-0.03148862293352567,13,7.0,Neutral
2026-04-30,18,6.398892242162618,21.0,7.386367034006883,21,6.492980624901111,21.0,10.0,21,5.648795671785112,21,4.279037064628236,21,5.166547878437807,21,3.7895102170581745,21,6.197194433467078,21,4.899126963672546,21,5.720962935442831,21,6.4389377464932895,21,4.639235002957769,21,6.398892242162618,21,7.386367034006883,21,5.166547878437807,21,6.492980624901111,21,5.143169398907104,21.0,5.143169398907104,21.0,,,0.017426651971681504,21,Travel and Leisure,6.701012106247326,6.701012106247326,5.829764251669459,5.486466825288282,,5.486466825288282,2026-05-31,0.010446360640528568,21,8.0,Neutral
2026-04-30,8,5.868586235076691,49.0,6.199067713697176,55,5.789784186459396,55.0,9.842304846084906,55,5.140719227408924,55,4.329289646879656,55,5.416851721318489,55,4.3542820712328245,55,5.321895389894084,55,5.656361165393961,55,5.670710363894224,55,5.988555273154858,55,4.851907995443354,55,5.868586235076691,49,6.199067713697176,55,5.416851721318489,55,5.789784186459396,55,5.20068306010929,55.0,5.20068306010929,55.0,,,0.08204597338909672,55,Health Care,6.194958642601125,6.194958642601125,5.603317953888943,5.402000506999116,,5.402000506999116,2026-05-31,0.030795542851101348,55,9.0,Neutral
2026-04-30,4,6.458321161750858,8.0,4.875565833349426,8,7.934512397635499,8.0,9.999999999999998,8,2.172415997348121,8,1.1933537124565625,8,4.632245441584488,8,2.5691394015369733,8,3.9492913507836755,8,3.0872396324293585,8,8.80664625499629,8,4.985198437351985,8,4.204400069601974,8,6.458321161750858,8,4.875565833349426,8,4.632245441584488,8,7.934512397635499,8,4.48101092896175,8.0,4.48101092896175,8.0,,,0.007384550715125146,8,Chemicals,5.439028183756744,5.439028183756744,6.283378919609994,5.382194924285872,,5.382194924285872,2026-05-31,-0.021138371296779156,8,10.0,Neutral
2026-04-30,12,4.683436967830477,23.0,3.567045280344754,23,4.426918613502308,23.0,9.977880293876877,23,5.2104986666325015,23,4.156154792651397,23,4.753017582735772,23,4.884058781871437,23,4.482022084592761,23,5.660367736654653,23,5.843845056159993,23,3.9812204746177287,23,4.935448463799167,23,4.683436967830477,23,3.567045280344754,23,4.753017582735772,23,4.426918613502308,23,6.116393442622951,23.0,6.116393442622951,23.0,,,0.0348807442437908,23,Energy,5.336989102473054,5.336989102473054,4.589968098119041,5.3531807703709955,,5.3531807703709955,2026-05-31,-0.044385127772199134,23,11.0,Neutral
2026-04-30,17,4.761758640430845,11.0,5.430294044736939,11,6.172810939454975,11.0,9.96147523271613,11,5.2041011532759835,11,5.081084972001072,11,4.986160643457334,11,4.033501704826201,11,5.086639646951358,11,5.296529862707173,11,4.918914785292563,11,5.004653888991266,11,4.568849993973777,11,4.761758640430845,11,5.430294044736939,11,4.986160643457334,11,6.172810939454975,11,4.77172131147541,11.0,4.77172131147541,11.0,,,0.021566844436227105,11,Telecommunications,6.101920830435991,6.101920830435991,5.579485791456154,5.175603551465782,,5.175603551465782,2026-05-31,0.0599136853925731,11,12.0,Neutral
2026-04-30,15,4.216775135727354,25.0,4.227271592307043,25,6.292855068694162,25.0,9.973149944945824,25,6.395426459861402,25,4.531160635272652,25,5.8626651122405296,25,3.5769798947418208,25,7.143893058347971,25,6.775300074776346,25,5.468839138836087,25,5.456461806939996,25,4.77019778416054,25,4.216775135727354,25,4.227271592307043,25,5.8626651122405296,25,6.292855068694162,25,4.187841530054645,25.0,4.187841530054645,25.0,,,0.08143778586961509,25,Retail,5.9394398061347395,5.9394398061347395,6.077760090467345,5.132800810260996,,5.132800810260996,2026-05-31,-0.010540196083034706,25,13.0,Neutral
2026-04-30,13,4.99430008688968,17.0,6.926230374855426,17,6.888106842648861,17.0,10.0,17,2.8835713847560323,17,3.2401561241616914,17,5.859872229647939,17,3.69361020921267,17,3.978484320208897,17,2.5412651906184465,17,6.759844416659811,17,6.471938615817483,17,4.555396439759211,17,4.99430008688968,17,6.926230374855426,17,5.859872229647939,17,6.888106842648861,17,3.721994535519125,17.0,3.721994535519125,17.0,,,0.012130439489113553,17,Personal & Household Goods,5.8220608022186155,5.8220608022186155,6.3739895361484,5.047992035833762,,5.047992035833762,2026-05-31,0.002854359805657665,17,14.0,Neutral
2026-04-30,7,6.718827376416496,22.0,7.4632846356510925,22,7.6336561103167275,22.0,9.86278484019817,22,5.114066517217469,22,4.341943517358001,22,4.894701484135213,22,3.0754822567883076,22,5.503169411076347,22,6.411020556844011,22,5.658056449402421,22,6.229426076305282,22,4.166711712777085,22,6.718827376416496,22,7.4632846356510925,22,4.894701484135213,22,7.6336561103167275,22,3.721994535519125,22.0,3.721994535519125,22.0,,,0.021641521757391324,22,"Food, Beverage and Tobacco",6.855760499526326,6.855760499526326,6.26417879722597,4.993086666372547,,4.993086666372547,2026-05-31,0.007019256344557581,22,15.0,Neutral
2026-04-30,5,5.0490309250740335,10.0,3.628263907281376,10,6.701700179574121,10.0,10.000000000000002,10,6.222201183363052,10,5.346653847114874,10,5.256362772224832,10,3.3625961011661714,10,6.737035472738329,10,5.435502584446498,10,4.653346254324113,10,4.727357125955047,10,4.606197368057027,10,5.0490309250740335,10,3.628263907281376,10,5.256362772224832,10,6.701700179574121,10,3.9721311475409835,10.0,3.9721311475409835,10.0,,,0.008931409639240676,10,Construction and Materials,6.15797500706791,6.15797500706791,5.979031475899476,4.97558131172023,,4.97558131172023,2026-05-31,-0.059814381077367175,10,16.0,Neutral
2026-04-30,9,4.928306468713965,87.0,5.413466488472731,89,6.37175586369107,86.0,9.924658776112953,89,5.868277420067603,89,4.304797387971249,89,5.4775946896426895,89,3.8176303647253103,89,6.075646082616477,89,5.768595764363749,89,5.695202645288533,89,5.92426893767176,89,4.676518488539611,89,4.928306468713965,87,5.413466488472731,89,5.4775946896426895,89,6.37175586369107,86,3.9721311475409835,89.0,3.9721311475409835,89.0,,,0.10608756285390511,89,Industrial Goods and Services,6.135210400838261,6.135210400838261,5.92467527666688,4.948403212103932,,4.948403212103932,2026-05-31,-0.003675524585029494,89,17.0,Negative
2026-04-30,3,3.818414267479841,7.0,4.564514026871522,7,4.691779351418087,7.0,9.482970251850842,7,4.970246611817803,7,3.767618278136098,7,5.774028727465364,7,5.197771027686784,7,5.156931288291974,7,5.125638959488671,7,6.232381692988332,7,5.42091868643057,7,5.190314961897411,7,3.818414267479841,7,4.564514026871522,7,5.774028727465364,7,4.691779351418087,7,4.48101092896175,7.0,4.48101092896175,7.0,,,0.005885956191762057,7,Basic Resources,5.215923797929032,5.215923797929032,5.232904039441726,4.856957484201738,,4.856957484201738,2026-05-31,0.06273230088749446,7,18.0,Negative
2026-04-30,19,5.903674751578779,33.0,5.440040577119895,33,5.754306133671023,33.0,10.0,33,5.549912209817918,33,5.375858642473194,33,4.965621732138225,33,4.598981526964904,33,5.824942228443605,33,5.38311821861687,33,4.624141393067441,33,5.467961544649619,33,4.859589061012778,33,5.903674751578779,33,5.440040577119895,33,4.965621732138225,33,5.754306133671023,33,3.7112021857923496,33.0,3.7112021857923496,33.0,,,0.025303816994486507,33,Utilities,6.337298719110135,6.337298719110135,5.359963932904624,4.535583059348487,,4.535583059348487,2026-05-31,-0.047472942198537614,33,19.0,Negative
